date,category,title,price
2021-08-05 15:27:25.139365,스킨케어,가히 링클 바운스 멀티밤 스틱 9g,24220
2021-08-05 15:27:25.139365,스킨케어,AHC 유스래스팅 리얼 아이크림 포페이스 30...,2000
2021-08-05 15:27:25.139365,스킨케어,강블리 알로에 베라 모이스처 에멀전 150ml,2000
2021-08-05 15:27:25.139365,스킨케어,설화수 자음 2종 세트,56390
2021-08-05 15:27:25.139365,스킨케어,닥터지 레드 블레미쉬 클리어 수딩 크림 70...,12230
2021-08-05 15:27:25.139365,스킨케어,피지오겔 데일리 모이스쳐 테라피 페이셜 크...,18000
2021-08-05 15:27:25.139365,스킨케어,강블리 제주 유채꿀 에센셜 크림 50ml,2000
2021-08-05 15:27:25.139365,스킨케어,설화수 윤조 에센스 90ml,58800
2021-08-05 15:27:25.139365,스킨케어,설화수 탄력 에센셜 3종 세트,76130
2021-08-05 15:27:25.139365,스킨케어,라운드랩 1025 독도 토너 500ml,15970
2021-08-05 15:27:25.139365,스킨케어,닥터지 블랙 스네일 크림 50ml,9690
2021-08-05 15:27:25.139365,스킨케어,강블리 제주 알로에 에센셜 토너 패드 90g,4500
2021-08-05 15:27:25.139365,스킨케어,피지오겔 데일리 모이스쳐 테라피 페이셜 로...,11500
2021-08-05 15:27:25.139365,스킨케어,닥터디퍼런트 비타리프트 에이 20g,28990
2021-08-05 15:27:25.139365,스킨케어,센텔리안24 마데카크림 파워 부스팅 포뮬러...,6420
2021-08-05 15:27:25.139365,스킨케어,강블리 제주 마유 아이크림 올 페이스 30ml,1700
2021-08-05 15:27:25.139365,스킨케어,설화수 탄력 크림 75ml,47950
2021-08-05 15:27:25.139365,스킨케어,안나플러스 EGF 그랑 크림 50ML,60190
2021-08-05 15:27:25.139365,스킨케어,인셀덤 기초 3종 세트,93100
2021-08-05 15:27:25.139365,스킨케어,닥터자르트 시카페어 크림 50ml,16500
2021-08-05 15:27:25.139365,스킨케어,디마르3 시그니처 비트 로제 바이탈 크렘 5...,36600
2021-08-05 15:27:25.139365,스킨케어,순수연구소 노니 수분크림 50ml,25900
2021-08-05 15:27:25.139365,스킨케어,센텔리안24 엑스퍼트 마데카 멜라 캡처 앰플...,4830
2021-08-05 15:27:25.139365,스킨케어,키엘 울트라 페이셜 수분 크림 125ml,35890
2021-08-05 15:27:25.139365,스킨케어,센텔리안24 마데카 크림 액티브 스킨 포뮬러...,7050
2021-08-05 15:27:25.139365,스킨케어,인셀덤 발라또 오일 미스트 50ml,21190
2021-08-05 15:27:25.139365,스킨케어,아누아 어성초 77% 진정 토너 250ml,11630
2021-08-05 15:27:25.139365,스킨케어,설화수 자음 퍼스트케어 리추얼 3종 세트,82330
2021-08-05 15:27:25.139365,스킨케어,김정문알로에 큐어 플러스 인텐시브 2X 크림...,6280
2021-08-05 15:27:25.139365,스킨케어,반코르 세라마이드 크림 60ml,13500
2021-08-05 15:27:25.139365,스킨케어,라로슈포제 시카플라스트 밤 B5 100ml,13230
2021-08-05 15:27:25.139365,스킨케어,인셀덤 엑티브 크림 EX 50ml,36430
2021-08-05 15:27:25.139365,스킨케어,인셀덤 카밍 밸런스 젤 100ml,20600
2021-08-05 15:27:25.139365,스킨케어,야다 선인장 토너패드 60매,13190
2021-08-05 15:27:25.139365,스킨케어,아누아 어성초 77% 토너 500ml,21980
2021-08-05 15:27:25.139365,스킨케어,안나플러스 4GF 화이트닝 미백 크림 50ml,42780
2021-08-05 15:27:25.139365,스킨케어,달바 화이트 트러플 미스트 세럼 100ml,10380
2021-08-05 15:27:25.139365,스킨케어,니들리 데일리 토너 패드 60매,12900
2021-08-05 15:27:25.139365,스킨케어,아이오페 슈퍼 바이탈 2종 세트,58560
2021-08-05 15:27:25.139365,스킨케어,라운드랩 자작나무 수분 크림 80ml,13890
2021-08-05 15:27:25.139365,스킨케어,닥터지 레드 블레미쉬 클리어 크림 70ml,9980
2021-08-05 15:27:25.139365,스킨케어,프리메라 오가니언스 2종 세트,27690
2021-08-05 15:27:25.139365,스킨케어,설화수 자음 수 125ml,29970
2021-08-05 15:27:25.139365,스킨케어,베리홉 에잇 데이즈 퓨어 비타민C 앰플 플러...,46390
2021-08-05 15:27:25.139365,스킨케어,피지오겔 레드수딩 AI 크림 50ml,9860
2021-08-05 15:27:25.139365,스킨케어,가히 링클 바운스 콜라겐 미스트앰플 100ml,7710
2021-08-05 15:27:25.139365,스킨케어,설화수 자음생 2종 세트,84220
2021-08-05 15:27:25.139365,스킨케어,에스티로더 어드밴스드 나이트 리페어 싱크...,69990
2021-08-05 15:27:25.139365,스킨케어,헤라 에이지어웨이 콜라제닉 3종 세트,64000
2021-08-05 15:27:25.139365,스킨케어,보나쥬르 그린티 워터밤 수분크림 100ml,14060
2021-08-05 15:27:25.139365,스킨케어,디마르3 시그니처 에스투드 프로텍터 4.2 1...,58100
2021-08-05 15:27:25.139365,스킨케어,아벤느 시칼파트 플러스 SOS 크림 100ml,13640
2021-08-05 15:27:25.139365,스킨케어,강블리 제주 유채꿀 에센셜 토너 150ml,8900
2021-08-05 15:27:25.139365,스킨케어,설화수 자음생 아이크림 20ml,83180
2021-08-05 15:27:25.139365,스킨케어,에스트라 아토베리어 로션 200ml,21500
2021-08-05 15:27:25.139365,스킨케어,더랩바이블랑두 올리고 히알루론산 5000 토...,17680
2021-08-05 15:27:25.139365,스킨케어,아이오페 스템3 앰플 50ml,41000
2021-08-05 15:27:25.139365,스킨케어,헤라 아쿠아볼릭 에센셜 2종 세트,40700
2021-08-05 15:27:25.139365,스킨케어,아누아 어성초 77 클리어 패드 70매,17860
2021-08-05 15:27:25.139365,스킨케어,닥터지 레드 블레미쉬 멀티 플루이드 100ml,9200
2021-08-05 15:27:25.139365,스킨케어,유리드 네롤리 가든 앰플 스틱 10g,10700
2021-08-05 15:27:25.139365,스킨케어,설화수 자음생 크림 60ml,115000
2021-08-05 15:27:25.139365,스킨케어,설화수 자음생 에센스 50ml,107500
2021-08-05 15:27:25.139365,스킨케어,에스트라 아토베리어 크림 100ml,21980
2021-08-05 15:27:25.139365,스킨케어,헤라 셀 에센스 바이옴 플러스 150ml,27970
2021-08-05 15:27:25.139365,스킨케어,가히 엑스틴 C 밤 9g,22040
2021-08-05 15:27:25.139365,스킨케어,에스트라 아토베리어365 크림 80ml,20960
2021-08-05 15:27:25.139365,스킨케어,토리든 다이브인 저분자 히알루론산 세럼 5...,12850
2021-08-05 15:27:25.139365,스킨케어,닥터지 레드 블레미쉬 수딩 토너 400ml,10880
2021-08-05 15:27:25.139365,스킨케어,제로이드 수딩 크림 80ml,26990
2021-08-05 15:27:25.139365,스킨케어,인셀덤 더마 톨로지 EX 2종 세트,54970
2021-08-05 15:27:25.139365,스킨케어,라네즈 크림 스킨 150ml,14080
2021-08-05 15:27:25.139365,스킨케어,토니모리 원더 세라마이드 모찌 토너 500ml,6030
2021-08-05 15:27:25.139365,스킨케어,메디비 메디크림 플러스 20ml,12800
2021-08-05 15:27:25.139365,스킨케어,프리메라 오가니언스 워터 180ml,12870
2021-08-05 15:27:25.139365,스킨케어,라운드랩 1025 독도 토너 200ml,7710
2021-08-05 15:27:25.139365,스킨케어,닥터자르트 시카페어 카밍 젤 크림 80ml,15170
2021-08-05 15:27:25.139365,스킨케어,설화수 섬리안 크림 25ml,45000
2021-08-05 15:27:25.139365,스킨케어,프리메라 알파인 베리 워터리 크림 50ml,21190
2021-08-05 15:27:25.139365,스킨케어,이뽀케아 쥐젖제거 크림 18ml,15660
2021-08-05 15:27:25.139365,스킨케어,스킨푸드 캐롯 카로틴 카밍 워터 패드 250g...,15260
2021-08-05 15:27:25.139365,스킨케어,판타스킨 스팟 화이트닝 에센스 30g,19140
2021-08-05 15:27:25.139365,스킨케어,닥터자르트 시카페어 토너 150ml,7400
2021-08-05 15:27:25.139365,스킨케어,태극제약 TG 도미나스 크림 플러스 50g,22690
2021-08-05 15:27:25.139365,스킨케어,차앤박 프로폴리스 에너지 앰플 35ml,21660
2021-08-05 15:27:25.139365,스킨케어,닥터자르트 세라마이딘 크림 50ml,15950
2021-08-05 15:27:25.139365,스킨케어,에스티로더 어드밴스드 나이트 리페어 싱크...,96130
2021-08-05 15:27:25.139365,스킨케어,코스더블유 브라이트닝 울트라C 세럼 30ml,5990
2021-08-05 15:27:25.139365,스킨케어,AHC 유스래스팅 리얼 아이크림 포 페이스 1...,1750
2021-08-05 15:27:25.139365,스킨케어,MISSHA 비타씨플러스 잡티씨 탄력앰플 30ml,12390
2021-08-05 15:27:25.139365,스킨케어,비욘드 엔젤 아쿠아 수분 크림 150ml,6900
2021-08-05 15:27:25.139365,스킨케어,메디힐 캘러스 멀티 골드 리프팅 크림 50ml,22500
2021-08-05 15:27:25.139365,스킨케어,마몽드 로즈 워터 토너 500ml,11050
2021-08-05 15:27:25.139365,스킨케어,라운드랩 1025 독도 로션 200ml,10890
2021-08-05 15:27:25.139365,스킨케어,설화수 윤조 에센스 120ml,105800
2021-08-05 15:27:25.139365,스킨케어,제로이드 수딩 로션 200ml,29640
2021-08-05 15:27:25.139365,스킨케어,MISSHA 타임 레볼루션 나이트 리페어 보랏빛...,17390
2021-08-05 15:27:25.139365,스킨케어,마몽드 세라마이드 인텐스 크림 50ml,13310
2021-08-05 15:27:25.139365,스킨케어,설화수 자음 유액 125ml,33000
2021-08-05 15:27:25.139365,스킨케어,아이오페 바이오 컨디셔닝 에센스 168ml,30190
2021-08-05 15:27:25.139365,베이스메이크업,헤라 블랙 쿠션 15g(SPF34),8990
2021-08-05 15:27:25.139365,베이스메이크업,라네즈 네오 쿠션 매트 15g(SPF42),10910
2021-08-05 15:27:25.139365,베이스메이크업,에스티로더 더블 웨어 파운데이션 30ml(SPF...,41030
2021-08-05 15:27:25.139365,베이스메이크업,루이앤레이 워터커버 핀라이트 쿠션 12g(SP...,24900
2021-08-05 15:27:25.139365,베이스메이크업,헤라 블랙 파운데이션 35ml(SPF15),27390
2021-08-05 15:27:25.139365,베이스메이크업,입생로랑 엉크르 드 뽀 쿠션 14g,38920
2021-08-05 15:27:25.139365,베이스메이크업,설화수 퍼펙팅 쿠션 EX 15g(SPF50+),15040
2021-08-05 15:27:25.139365,베이스메이크업,정샘물 에센셜 스킨 누더 쿠션 14g,8640
2021-08-05 15:27:25.139365,베이스메이크업,강블리 동백 촉촉 쿠션 14g(SPF50+),5500
2021-08-05 15:27:25.139365,베이스메이크업,헤라 UV 미스트 쿠션 커버 15g(SPF50+),10310
2021-08-05 15:27:25.139365,베이스메이크업,닥터슈라멕 블레미쉬 밤 클래식 30ml,38200
2021-08-05 15:27:25.139365,베이스메이크업,지엘리 트루프 쿠션 마스크 프루프 15g,8000
2021-08-05 15:27:25.139365,베이스메이크업,엘로엘 블랑커버 크림 멜라스틱 MX 11g(SPF...,15900
2021-08-05 15:27:25.139365,베이스메이크업,헤라 글로우 래스팅 파운데이션 35ml(SPF25...,22640
2021-08-05 15:27:25.139365,베이스메이크업,더샘 커버 퍼펙션 팁 컨실러 6.5g  (SPF28),1700
2021-08-05 15:27:25.139365,베이스메이크업,이니스프리 노세범 미네랄 파우더 5g,3450
2021-08-05 15:27:25.139365,베이스메이크업,강블리 동백 커버 컨실러 7ml,3300
2021-08-05 15:27:25.139365,베이스메이크업,샤넬 울트라 르 뗑 쿠션 9g,60960
2021-08-05 15:27:25.139365,베이스메이크업,이니스프리 노세범 파우더 쿠션 14g(SPF35),9000
2021-08-05 15:27:25.139365,베이스메이크업,클리오 킬 커버 파운 웨어 쿠션 올 뉴 15g(...,9210
2021-08-05 15:27:25.139365,베이스메이크업,자빈드서울 윙크 파운데이션 팩트 15g(SPF5...,13690
2021-08-05 15:27:25.139365,베이스메이크업,에스티로더 더블 웨어 스테이 인 플레이스 ...,42000
2021-08-05 15:27:25.139365,베이스메이크업,클리오 더블 커버킬 마그넷 팩트 17g(SPF50...,10900
2021-08-05 15:27:25.139365,베이스메이크업,나스 아쿠아 글로우 쿠션 파운데이션 12g(S...,25790
2021-08-05 15:27:25.139365,베이스메이크업,메이크업포에버 ULTRA HD 프레스드 파우더 ...,33620
2021-08-05 15:27:25.139365,베이스메이크업,라네즈 네오 파운데이션 매트 30ml(SPF16),30000
2021-08-05 15:27:25.139365,베이스메이크업,헤라 HD 퍼펙트 파우더 팩트 10g (SPF30),22810
2021-08-05 15:27:25.139365,베이스메이크업,에뛰드 더블 래스팅 파운데이션 30g(SPF35),9860
2021-08-05 15:27:25.139365,베이스메이크업,클리오 킬커버 광채쿠션 (SPF50+),8890
2021-08-05 15:27:25.139365,베이스메이크업,랑콤 뗑 이돌 롱라스팅 파운데이션 30ml(SP...,49880
2021-08-05 15:27:25.139365,베이스메이크업,라네즈 네오 쿠션 글로우 15g(SPF50+),10560
2021-08-05 15:27:25.139365,베이스메이크업,헤라 글로우 래스팅 쿠션 15g(SPF50+),10900
2021-08-05 15:27:25.139365,베이스메이크업,에이지투웨니스 에센스 커버 팩트,6760
2021-08-05 15:27:25.139365,베이스메이크업,에스쁘아 프로 테일러 비글로우 쿠션 13g(S...,7690
2021-08-05 15:27:25.139365,베이스메이크업,디올 포에버 퍼펙트 쿠션 14g (SPF35),38400
2021-08-05 15:27:25.139365,베이스메이크업,설화수 자정 브라이트닝 쿠션 14g,14860
2021-08-05 15:27:25.139365,베이스메이크업,클리오 킬 커버 픽서 쿠션 15g(SPF50+),8880
2021-08-05 15:27:25.139365,베이스메이크업,조성아뷰티 슈퍼 핏 필업 스틱 파운데이션 ...,5780
2021-08-05 15:27:25.139365,베이스메이크업,조성아22 바운스업 팩트 울트라 동백 에디션...,14450
2021-08-05 15:27:25.139365,베이스메이크업,"설화수 퍼펙팅 트윈케이크 11g(지성, 복합,...",25480
2021-08-05 15:27:25.139365,베이스메이크업,엘로엘 블랑 커버 멜라 스틱 11g(SPF50+),15800
2021-08-05 15:27:25.139365,베이스메이크업,헤라 어반 베일 CC 크림 35ml(SPF40),21480
2021-08-05 15:27:25.139365,베이스메이크업,에스티로더 더블웨어 골드라벨 쿠션 컴팩트...,25800
2021-08-05 15:27:25.139365,베이스메이크업,이니스프리 노세범 미네랄 팩트 8.5g,4980
2021-08-05 15:27:25.139365,베이스메이크업,디올 포에버 파우더 쿠션 10g,63520
2021-08-05 15:27:25.139365,베이스메이크업,헤라 매직 스타터 35ml(SPF25),20010
2021-08-05 15:27:25.139365,베이스메이크업,헤라 UV 미스트 쿠션 울트라 모이스처 15g(...,10890
2021-08-05 15:27:25.139365,베이스메이크업,설화수 퍼펙팅 스킨 커버 14g(SPF26),25510
2021-08-05 15:27:25.139365,베이스메이크업,에뛰드 더블래스팅 쿠션 글로우 15g(SPF50+...,6750
2021-08-05 15:27:25.139365,베이스메이크업,입큰 퍼퓸 파우더 팩트 5G 14.5g,8310
2021-08-05 15:27:25.139365,베이스메이크업,아이오페 에어쿠션 커버 15g(SPF50+),12100
2021-08-05 15:27:25.139365,베이스메이크업,베네피트 더 포어 페셔널 22ml,26310
2021-08-05 15:27:25.139365,베이스메이크업,설화수 퍼펙팅 파운데이션 35ml(SPF17),34280
2021-08-05 15:27:25.139365,베이스메이크업,MISSHA 초보양 비비크림 50ml (SPF30),10330
2021-08-05 15:27:25.139365,베이스메이크업,디올 포에버 스킨 글로우 쿠션 14g,38400
2021-08-05 15:27:25.139365,베이스메이크업,나스 퓨어 래디언트 프로텍션 아쿠아 글로우...,32120
2021-08-05 15:27:25.139365,베이스메이크업,나스 래디언트 크리미 컨실러 6ml,29180
2021-08-05 15:27:25.139365,베이스메이크업,메이크업포에버 UHD 마이크로피니싱 루스 파...,29470
2021-08-05 15:27:25.139365,베이스메이크업,조르지오아르마니 래스팅 실크 UV 파운데이...,62230
2021-08-05 15:27:25.139365,베이스메이크업,맥 스튜디오 픽스 컴플리트 커버리지 쿠션 ...,22320
2021-08-05 15:27:25.139365,베이스메이크업,설화수 CC 유액 35ml (SPF34),33790
2021-08-05 15:27:25.139365,베이스메이크업,입생로랑 올아워 쿠션 파운데이션 14g(SPF5...,37400
2021-08-05 15:27:25.139365,베이스메이크업,설화수 진설 파우더 팩트 13g,45410
2021-08-05 15:27:25.139365,베이스메이크업,조성아22 씨앤티 대왕 쿠션 25g,6300
2021-08-05 15:27:25.139365,베이스메이크업,VDL 퍼펙팅 래스트 파운데이션 30ml(SPF30),9780
2021-08-05 15:27:25.139365,베이스메이크업,정샘물 에센셜 스킨 누더 롱웨어 쿠션 14g,9390
2021-08-05 15:27:25.139365,베이스메이크업,에스티로더 퓨처리스트 아쿠아 브릴리언스 ...,58060
2021-08-05 15:27:25.139365,베이스메이크업,루나 롱 래스팅 팁 컨실러 7.5ml (SPF28),5790
2021-08-05 15:27:25.139365,베이스메이크업,아이오페 에어 쿠션 스킨핏 톤업 15g(SPF42...,16900
2021-08-05 15:27:25.139365,베이스메이크업,차앤박 프로폴리스 앰플 인 쿠션 15g,6940
2021-08-05 15:27:25.139365,베이스메이크업,에스쁘아 프로 테일러 비 실크 쿠션 13g(SP...,10110
2021-08-05 15:27:25.139365,베이스메이크업,한율 커버 파운데이션 글로우 30ml(SPF15),13830
2021-08-05 15:27:25.139365,베이스메이크업,아이오페 퍼펙트 커버 쿠션 15g,9420
2021-08-05 15:27:25.139365,베이스메이크업,나스 네츄럴 래디언트 롱웨어 파운데이션 3...,47260
2021-08-05 15:27:25.139365,베이스메이크업,클리오 킬커버 앰플 쿠션 15g (SPF50+),6940
2021-08-05 15:27:25.139365,베이스메이크업,클리오 킬커버 파운웨어 쿠션 XP 15g(SPF50...,9900
2021-08-05 15:27:25.139365,베이스메이크업,에스쁘아 프로 테일러 파운데이션 비 실크 ...,16700
2021-08-05 15:27:25.139365,베이스메이크업,헤라 에어리 블러 프라이밍 파우더 8.5g,22180
2021-08-05 15:27:25.139365,베이스메이크업,맥 라이트풀 C+ 코랄 그라스 틴티드 프라이...,32910
2021-08-05 15:27:25.139365,베이스메이크업,바닐라코 커버리셔스 파워 핏 파운데이션 3...,16890
2021-08-05 15:27:25.139365,베이스메이크업,에스쁘아 프로 테일러 파운데이션 비 글로우...,10000
2021-08-05 15:27:25.139365,베이스메이크업,코랄헤이즈 FGF7 하이드로 셀 쿠션 15g(SPF...,36540
2021-08-05 15:27:25.139365,베이스메이크업,더페이스샵 잉크래스팅 파운데이션 슬림핏 ...,8480
2021-08-05 15:27:25.139365,베이스메이크업,닥터슈라멕 블레미쉬 밤 15ml,28000
2021-08-05 15:27:25.139365,베이스메이크업,더페이스샵 잉크래스팅 파운데이션 글로우 ...,8900
2021-08-05 15:27:25.139365,베이스메이크업,조성아뷰티 물분크림 꿀젤리 에디션 14g(SP...,5010
2021-08-05 15:27:25.139365,베이스메이크업,슈에무라 언리미티드 파운데이션 35ml(SPF2...,45020
2021-08-05 15:27:25.139365,베이스메이크업,메이크업포에버 UHD 프레스드 파우더 미니 ...,26100
2021-08-05 15:27:25.139365,베이스메이크업,클리오 킬 커버 컨실 쿠션 13g,9900
2021-08-05 15:27:25.139365,베이스메이크업,투쿨포스쿨 아트클래스 스튜디오 드 땅뜨 픽...,12500
2021-08-05 15:27:25.139365,베이스메이크업,이글립스 블러 파우더 팩트 9g,4790
2021-08-05 15:27:25.139365,베이스메이크업,설화수 퍼펙팅 파우더 20g,26230
2021-08-05 15:27:25.139365,베이스메이크업,클리오 킬커버 에어리핏 컨실러,6080
2021-08-05 15:27:25.139365,베이스메이크업,설화수 메이크업 밸런서 35ml(SPF34),29550
2021-08-05 15:27:25.139365,베이스메이크업,시세이도 스포츠 커버 파운데이션 20g,7980
2021-08-05 15:27:25.139365,베이스메이크업,입생로랑 르 쿠션 엉끄르드 뽀 14g(SPF23),38540
2021-08-05 15:27:25.139365,베이스메이크업,헉슬리 모이스트 쿠션 오운 애티튜드 12g,10500
2021-08-05 15:27:25.139365,베이스메이크업,에스티로더 더블웨어 소프트 글로우 매트 쿠...,29250
2021-08-05 15:27:25.139365,베이스메이크업,인셀덤 데일리 아쿠아 비비 30g,19000
2021-08-05 15:27:25.139365,베이스메이크업,미바 왕쿠션 시즌2 이온칼슘 더블 쿠션 25g...,7190
2021-08-05 15:27:25.139365,색조메이크업,강블리 동백 벨벳 틴트 3.5g,2300
2021-08-05 15:27:25.139365,색조메이크업,맥 립스틱 3g,13770
2021-08-05 15:27:25.139365,색조메이크업,디올 어딕트 립 글로우 3.5g,17160
2021-08-05 15:27:25.139365,색조메이크업,강블리 메이크 펜 아이라이너 0.5ml,3800
2021-08-05 15:27:25.139365,색조메이크업,투쿨포스쿨 아트클래스 프로타주 펜슬 1.5g,4900
2021-08-05 15:27:25.139365,색조메이크업,아이포레스트 속눈썹영양제 아이세럼 5ml,19760
2021-08-05 15:27:25.139365,색조메이크업,에스큐제약 자라다 속눈썹 영양제 아이래쉬...,22300
2021-08-05 15:27:25.139365,색조메이크업,크리니크 치크 팝 3.5g,16000
2021-08-05 15:27:25.139365,색조메이크업,토니모리 백젤 아이라이너 Z 4g,4900
2021-08-05 15:27:25.139365,색조메이크업,헤라 센슈얼 파우더 매트 5g,15950
2021-08-05 15:27:25.139365,색조메이크업,클리오 프로 아이 팔레트 6g,15160
2021-08-05 15:27:25.139365,색조메이크업,해피바이오 페이스팩토리 속눈썹 영양제 배...,14900
2021-08-05 15:27:25.139365,색조메이크업,페리페라 올테이크 무드 팔레트 6.8g,10000
2021-08-05 15:27:25.139365,색조메이크업,페리페라 잉크 더 에어리 벨벳 4g,4440
2021-08-05 15:27:25.139365,색조메이크업,슈에무라 하드 포뮬라 아이브로우 펜슬 4g,20700
2021-08-05 15:27:25.139365,색조메이크업,메이시크 3D 핑거팁 아이브로우 틴트 시즌3,8890
2021-08-05 15:27:25.139365,색조메이크업,결고은사람들 판타스킨 속눈썹 영양제 듀얼...,34900
2021-08-05 15:27:25.139365,색조메이크업,입생로랑 베르니 아 레브르 워터스테인 5.9...,36620
2021-08-05 15:27:25.139365,색조메이크업,입생로랑 따뚜아쥬 꾸뛰르 벨벳 틴트 6ml,33280
2021-08-05 15:27:25.139365,색조메이크업,홀리카홀리카 홀리팝 쌍테라이너 0.5g,5900
2021-08-05 15:27:25.139365,색조메이크업,3CE 벨벳 립 틴트 4g,4750
2021-08-05 15:27:25.139365,색조메이크업,바이오더마 아토덤 립밤 4g,1970
2021-08-05 15:27:25.139365,색조메이크업,맥 파우더 키스 립스틱 3g,16500
2021-08-05 15:27:25.139365,색조메이크업,페리페라 잉크 더 벨벳 AD 4g,4380
2021-08-05 15:27:25.139365,색조메이크업,헤라 센슈얼 프레쉬 누드 틴트 7ml,19380
2021-08-05 15:27:25.139365,색조메이크업,릴리바이레드 러브 타로 블러셔 팔레트,11000
2021-08-05 15:27:25.139365,색조메이크업,헤라 센슈얼 스파이시 누드 밤 3.5g,16450
2021-08-05 15:27:25.139365,색조메이크업,헤라 센슈얼 스파이시 누드 글로스 5g,16520
2021-08-05 15:27:25.139365,색조메이크업,에뛰드 룩 앳 마이 아이즈 카페 2g,1750
2021-08-05 15:27:25.139365,색조메이크업,입생로랑 루쥬 볼립떼 샤인 4.5g,28060
2021-08-05 15:27:25.139365,색조메이크업,클리오 샤프 쏘 심플 워터프루프 펜슬 라이...,5380
2021-08-05 15:27:25.139365,색조메이크업,입생로랑 따뚜아쥬 꾸뛰르 타투 틴트 6ml,23660
2021-08-05 15:27:25.139365,색조메이크업,에스쁘아 리얼 아이 팔레트 10g,15450
2021-08-05 15:27:25.139365,색조메이크업,릴리바이레드 앙큼 라이어 코팅 틴트 3.5ml,4900
2021-08-05 15:27:25.139365,색조메이크업,클리오 킬브로우 오토 하드 브로우 펜슬 0....,10290
2021-08-05 15:27:25.139365,색조메이크업,클리오 프리즘 에어 하이라이터 7g,10850
2021-08-05 15:27:25.139365,색조메이크업,헤라 센슈얼 스파이시 누드 볼륨 매트 3.5g,14300
2021-08-05 15:27:25.139365,색조메이크업,3CE 무드 레시피 매트 립 컬러 3.5g,4790
2021-08-05 15:27:25.139365,색조메이크업,투쿨포스쿨 아트 클래스 바이로댕 쉐딩 9.5...,7490
2021-08-05 15:27:25.139365,색조메이크업,롬앤 베러 댄 팔레트 6g,20500
2021-08-05 15:27:25.139365,색조메이크업,아리따움 모노 아이즈,2240
2021-08-05 15:27:25.139365,색조메이크업,3CE 무드 레시피 멀티 아이 컬러 팔레트 8....,24130
2021-08-05 15:27:25.139365,색조메이크업,이니스프리 납작 아이브로우 펜슬 0.3g,1460
2021-08-05 15:27:25.139365,색조메이크업,메리쏘드 릴타투 브로우펜 0.9g,11570
2021-08-05 15:27:25.139365,색조메이크업,어뮤즈 듀 틴트 4g,18000
2021-08-05 15:27:25.139365,색조메이크업,바비브라운 롱웨어 크림 섀도우 스틱 1.6g,30500
2021-08-05 15:27:25.139365,색조메이크업,클리오 킬 브로우 듀얼 타투 펜 0.6g,11240
2021-08-05 15:27:25.139365,색조메이크업,마몽드 크리미 틴트 컬러 밤 인텐스 2.5g,3390
2021-08-05 15:27:25.139365,색조메이크업,나스 블러쉬 4.8g,25500
2021-08-05 15:27:25.139365,색조메이크업,롬앤 쥬시 래스팅 틴트 5.5g,4990
2021-08-05 15:27:25.139365,색조메이크업,토니모리 퍼펙트 립스 쇼킹 립 4g,4780
2021-08-05 15:27:25.139365,색조메이크업,에뛰드 픽싱 틴트 4g,5800
2021-08-05 15:27:25.139365,색조메이크업,유어스킨 닥터존스킨 눈썹 자라 7ml,35000
2021-08-05 15:27:25.139365,색조메이크업,포렌코즈 타투 끌레르 벨벳 틴트 4g,8800
2021-08-05 15:27:25.139365,색조메이크업,베네피트 프리사이슬리 마이 브로우 펜슬 0...,21200
2021-08-05 15:27:25.139365,색조메이크업,맥 파우더 키스 리퀴드 립컬러 5ml,24700
2021-08-05 15:27:25.139365,색조메이크업,데이지크 섀도우 팔레트 8.0g,24710
2021-08-05 15:27:25.139365,색조메이크업,키스미 히로인 메이크 스무스 리퀴드 아이라...,8810
2021-08-05 15:27:25.139365,색조메이크업,삐아 라스트 오토 젤 아이라이너 0.5g,4110
2021-08-05 15:27:25.139365,색조메이크업,입생로랑 베르니 아 레브르 워터 스테인 글...,33600
2021-08-05 15:27:25.139365,색조메이크업,바비브라운 엑스트라 립 틴트 2.3g,28830
2021-08-05 15:27:25.139365,색조메이크업,레어카인드 오버스머지 립 틴트 4g,12600
2021-08-05 15:27:25.139365,색조메이크업,콰티 컬러 커플 루미네어 틴티드 립밤 4g,11500
2021-08-05 15:27:25.139365,색조메이크업,클리오 젤프레소 워터프루프 펜슬 젤라이너...,2780
2021-08-05 15:27:25.139365,색조메이크업,3CE 블러 워터 틴트 4.6g,11860
2021-08-05 15:27:25.139365,색조메이크업,페리페라 잉크 더 에어리 벨벳 스틱 3.6g,5170
2021-08-05 15:27:25.139365,색조메이크업,맥 버시 컬러 바니쉬 크림 립 스테인 8.5ml,19170
2021-08-05 15:27:25.139365,색조메이크업,클리오 프리즘 에어 아이 팔레트 8.8g,9830
2021-08-05 15:27:25.139365,색조메이크업,클리오 킬 브로우 오토 하드 브로우 펜슬 엣...,8550
2021-08-05 15:27:25.139365,색조메이크업,자라나 리치래쉬 앰플 5ml,25000
2021-08-05 15:27:25.139365,색조메이크업,키스미 헤비 로테이션 컬러링 아이브로우 8...,8840
2021-08-05 15:27:25.139365,색조메이크업,그레이스클럽 코스노리 롱 액티브 아이래쉬...,8100
2021-08-05 15:27:25.139365,색조메이크업,포렌코즈 속 타투 틴트 1.6g,6180
2021-08-05 15:27:25.139365,색조메이크업,에스쁘아 리얼 아이 핸디 팔레트 3g,15890
2021-08-05 15:27:25.139365,색조메이크업,클리오 킬래쉬 수퍼프루프 마스카라 7g,7890
2021-08-05 15:27:25.139365,색조메이크업,에뛰드 조효진 그림자 쉐딩 10g,8690
2021-08-05 15:27:25.139365,색조메이크업,페리페라 잉크 마뜨 블러 틴트 3.8g,2880
2021-08-05 15:27:25.139365,색조메이크업,롬앤 한올 픽스 마스카라 7g,7090
2021-08-05 15:27:25.139365,색조메이크업,베네피트 틴트 6ml,9890
2021-08-05 15:27:25.139365,색조메이크업,입생로랑 베르니 아 레브르 6ml,30720
2021-08-05 15:27:25.139365,색조메이크업,샤넬 루쥬 알뤼르 잉크 퓨전 6ml,45350
2021-08-05 15:27:25.139365,색조메이크업,페리페라 잉크 더 젤라또 3.5g,3990
2021-08-05 15:27:25.139365,색조메이크업,나우코스 한조컬렉션 데일리 인텐시브 아이...,26000
2021-08-05 15:27:25.139365,색조메이크업,에이프릴스킨 트임라이너 0.14g,11900
2021-08-05 15:27:25.139365,색조메이크업,3CE 미니 멀티 아이 컬러 팔레트 3.2g,15000
2021-08-05 15:27:25.139365,색조메이크업,이니스프리 스키니 꼼꼼카라 3.5g,3900
2021-08-05 15:27:25.139365,색조메이크업,메이시크 핑거팁 아이브로우 틴트 1.2g,6900
2021-08-05 15:27:25.139365,색조메이크업,릴리바이레드 무드 라이어 벨벳 틴트 4.2g,3000
2021-08-05 15:27:25.139365,색조메이크업,롬앤 제로 벨벳 틴트 5.5g,5940
2021-08-05 15:27:25.139365,색조메이크업,케이앤지뷰티컨셉코리아 더래쉬 프리미엄 속...,50600
2021-08-05 15:27:25.139365,색조메이크업,스틸라 매그니피센트 메탈 글리터 글로우 리...,15990
2021-08-05 15:27:25.139365,색조메이크업,씨스터앤 더블이펙트 워터프루프 아이펜슬 ...,8900
2021-08-05 15:27:25.139365,색조메이크업,클리오 프리즘 에어 섀도우 2.3g,3990
2021-08-05 15:27:25.139365,색조메이크업,미젤라화장품 플리다 바바래쉬 속눈썹영양제...,19900
2021-08-05 15:27:25.139365,색조메이크업,부르조아 벨벳 펜슬 3g,8800
2021-08-05 15:27:25.139365,색조메이크업,프로에잇청담 리퀴드 디파인 라이너 2.5ml,17910
2021-08-05 15:27:25.139365,색조메이크업,페리페라 슈가 트윙클 리퀴드 글리터 1.9g,2640
2021-08-05 15:27:25.139365,색조메이크업,MISSHA 모던 섀도우 매트,1600
2021-08-05 15:27:25.139365,색조메이크업,페리페라 잉크 더 타투 5.5g,3360
2021-08-05 15:27:25.139365,색조메이크업,어뮤즈 듀 벨벳 틴트 4g,18000
2021-08-05 15:27:25.139365,클렌징,강블리 아크 트리 클리어 클렌징 폼 150ml,4500
2021-08-05 15:27:25.139365,클렌징,강블리 알로에 베라 클렌징 폼 180ml,1750
2021-08-05 15:27:25.139365,클렌징,에스큐제약 어성초 천연비누 100g (민감성),3250
2021-08-05 15:27:25.139365,클렌징,쿤달 울트라 마이크로 휩 일라이트 클렌징 ...,4990
2021-08-05 15:27:25.139365,클렌징,블라세아 딥 포어 클렌징 비타 폼 150ml,3500
2021-08-05 15:27:25.139365,클렌징,안나플러스 천연 약산성 4GF 딥 폼 클렌징 ...,14890
2021-08-05 15:27:25.139365,클렌징,라곰 셀럽 마이크로 폼 클렌저 150ml,15110
2021-08-05 15:27:25.139365,클렌징,블라세아 퓨어 클렌징 오일 200ml,18000
2021-08-05 15:27:25.139365,클렌징,바이오더마 센시비오 H2O 500ml,8600
2021-08-05 15:27:25.139365,클렌징,센카 퍼펙트 휩 폼 클렌징 120g,4500
2021-08-05 15:27:25.139365,클렌징,설화수 순행 클렌징폼 200ml,14030
2021-08-05 15:27:25.139365,클렌징,반코르 아크네 바하 폼 클렌저 120ml,14000
2021-08-05 15:27:25.139365,클렌징,도브 화이트 뷰티 바 100g,720
2021-08-05 15:27:25.139365,클렌징,디마르3 DX 시타 듀 49 젤 클렌저 225g,25500
2021-08-05 15:27:25.139365,클렌징,마녀공장 퓨어 클렌징 오일 200ml,12790
2021-08-05 15:27:25.139365,클렌징,닥터지 약산성 클렌징 젤 폼 200ml,7570
2021-08-05 15:27:25.139365,클렌징,메디큐브 제로 모공 패드 2.0 70매,17940
2021-08-05 15:27:25.139365,클렌징,유유유 유근피 천연비누 100g,9000
2021-08-05 15:27:25.139365,클렌징,닥터지 약산성 레드 블레미쉬 클리어 수딩 ...,6780
2021-08-05 15:27:25.139365,클렌징,뉴트로지나 딥클린 포밍 클렌저 175g,6240
2021-08-05 15:27:25.139365,클렌징,프리메라 바하 버블 필링 클렌저 200ml,15490
2021-08-05 15:27:25.139365,클렌징,이니스프리 슈퍼푸드 블루베리 리밸런싱 5....,1850
2021-08-05 15:27:25.139365,클렌징,닥터지 브라이트닝 필링 젤 120g,6580
2021-08-05 15:27:25.139365,클렌징,메디필 에스테 더마 유산균 콜라겐 클리어 ...,11240
2021-08-05 15:27:25.139365,클렌징,강블리 알로에 베라 모이스처 클렌징 워터 ...,2300
2021-08-05 15:27:25.139365,클렌징,설화수 순행 클렌징 오일 200ml,16010
2021-08-05 15:27:25.139365,클렌징,치노시오야 내추럴 포어 클렌징 오일 150ml,27050
2021-08-05 15:27:25.139365,클렌징,헤라 멜라솔브 프로그램 딥 클렌징 폼 200g,14970
2021-08-05 15:27:25.139365,클렌징,블라세아 액티브 리프레쉬 필링 젤 100ml,8000
2021-08-05 15:27:25.139365,클렌징,프리메라 페이셜 마일드 필링 150ml,12210
2021-08-05 15:27:25.139365,클렌징,셀리맥스 어성초 바하 지우개 필링 패드 60...,10870
2021-08-05 15:27:25.139365,클렌징,센카 퍼펙트휩 폼클렌징 120g,2300
2021-08-05 15:27:25.139365,클렌징,해피바스 라벤더 비누 100g,580
2021-08-05 15:27:25.139365,클렌징,인셀덤 엑티브 클린업 파우더 90g,18320
2021-08-05 15:27:25.139365,클렌징,마이달리아 밤 블랙헤드 스틱 20g,9490
2021-08-05 15:27:25.139365,클렌징,제로이드 포밍 클렌저 240ml,21960
2021-08-05 15:27:25.139365,클렌징,뉴트로지나 딥 클린 클렌징 오일 200ml,7490
2021-08-05 15:27:25.139365,클렌징,센카 퍼펙트 휩 페이셜 워시 클렌징폼 120g,4500
2021-08-05 15:27:25.139365,클렌징,야다 그린티 퓨어 클렌징밤 100ml,14880
2021-08-05 15:27:25.139365,클렌징,리하 프리미엄 에그 화이트 차콜 클렌징폼 ...,14860
2021-08-05 15:27:25.139365,클렌징,라운드랩 1025 독도 클렌저 150ml,6780
2021-08-05 15:27:25.139365,클렌징,비플레인 녹두 약산성 클렌징폼 160ml,16860
2021-08-05 15:27:25.139365,클렌징,맥스클리닉 카렌듈라 바이옴 오일 폼 110g(...,8730
2021-08-05 15:27:25.139365,클렌징,빅토리아 뉴 스웨덴 에그팩 50g,1650
2021-08-05 15:27:25.139365,클렌징,청미정 알로에 발효 클렌징 오일 200ml,28800
2021-08-05 15:27:25.139365,클렌징,청미정 알로에 발효 클렌징 폼 200ml,23000
2021-08-05 15:27:25.139365,클렌징,헤라 아모레 카운셀러 퍼퓸드 솝 70g,780
2021-08-05 15:27:25.139365,클렌징,콰티 뮬 그린 필링젤 150ml,27500
2021-08-05 15:27:25.139365,클렌징,아벤느 클리낭스 클렌징 젤 400ml,7560
2021-08-05 15:27:25.139365,클렌징,슈퍼 익스트랙터 350ml,47400
2021-08-05 15:27:25.139365,클렌징,시세이도 티스 딥 오프 오일 280ml,9010
2021-08-05 15:27:25.139365,클렌징,라곰 셀럽 마이크로 클렌징 워터 350ml,22460
2021-08-05 15:27:25.139365,클렌징,프리메라 내추럴 리치 클렌징 폼 150ml,8120
2021-08-05 15:27:25.139365,클렌징,도브 뷰티 바 핑크 100g,740
2021-08-05 15:27:25.139365,클렌징,코스알엑스 원스텝 오리지널 클리어 패드 7...,9260
2021-08-05 15:27:25.139365,클렌징,닥터지 레드 블레미쉬 모이스처 클렌징 폼 ...,6900
2021-08-05 15:27:25.139365,클렌징,숌 포어 화이트 클렌징 밤 120ml,26500
2021-08-05 15:27:25.139365,클렌징,유니레버 폰즈 클리어 페이스 스파 립 앤 아...,2700
2021-08-05 15:27:25.139365,클렌징,해피바스 마이크로 미셀라 딥 클렌징폼 120...,2590
2021-08-05 15:27:25.139365,클렌징,제이숲 딥그린제이 퍼펙트 클렌징오일 300m...,14900
2021-08-05 15:27:25.139365,클렌징,바닐라코 클린잇제로 클렌징 밤 오리지널 1...,14480
2021-08-05 15:27:25.139365,클렌징,블리스텍스 스트라이덱스 센시티브 패드 90...,9560
2021-08-05 15:27:25.139365,클렌징,홈토피아 어성초 숯 천연비누 100g,8900
2021-08-05 15:27:25.139365,클렌징,헤라 화이트 프로그램 딥 클렌징 폼 200ml,16100
2021-08-05 15:27:25.139365,클렌징,더페이스샵 허브데이 클렌징 티슈 70매,2400
2021-08-05 15:27:25.139365,클렌징,도브 센서티브 뷰티 바 100g,1250
2021-08-05 15:27:25.139365,클렌징,도브 센서티브 뷰티바 스킨 비누 106g,1490
2021-08-05 15:27:25.139365,클렌징,비오텀 클렌징 밀크 500ml,23060
2021-08-05 15:27:25.139365,클렌징,콰티 뮬 클렌징폼 150g,19900
2021-08-05 15:27:25.139365,클렌징,더페이스샵 미감수 브라이트 클렌징 폼 300...,5370
2021-08-05 15:27:25.139365,클렌징,청미정 알로에 발효 클렌징 밀크 200ml,26800
2021-08-05 15:27:25.139365,클렌징,헤라 지일 퍼퓸 비누 60g,760
2021-08-05 15:27:25.139365,클렌징,아이오페 모이스트 클렌징 휘핑 폼 180ml,8000
2021-08-05 15:27:25.139365,클렌징,얼라이브랩 코튼 캔디볼 45ml,12970
2021-08-05 15:27:25.139365,클렌징,이니스프리 화산송이 모공 클렌징 폼 300ml,6950
2021-08-05 15:27:25.139365,클렌징,비오투름 클렌징밀크 500ml+75ml,43960
2021-08-05 15:27:25.139365,클렌징,라로슈포제 에빠끌라 딥 클렌징 포밍 크림 ...,15980
2021-08-05 15:27:25.139365,클렌징,마녀공장 퓨어 클렌징 오일 400ml,25920
2021-08-05 15:27:25.139365,클렌징,인셀덤 스노우 엔자임 클렌저 120g,16000
2021-08-05 15:27:25.139365,클렌징,비플레인 녹두 약산성 클렌징폼 80ml,9690
2021-08-05 15:27:25.139365,클렌징,아크네스 더마 릴리프 모이스쳐 폼 클렌져 ...,6760
2021-08-05 15:27:25.139365,클렌징,랑벨 내츄럴 딥 클렌징 오일 200ml,15010
2021-08-05 15:27:25.139365,클렌징,해피바스 솝베리 버블 폼 300ml,2580
2021-08-05 15:27:25.139365,클렌징,라운드어라운드 그린티 클렌징 폼 250ml,9100
2021-08-05 15:27:25.139365,클렌징,프리메라 리치 포밍 클렌저 200ml,9620
2021-08-05 15:27:25.139365,클렌징,에뛰드 순정 약산성 6.5 휩 클렌저 150ml,5630
2021-08-05 15:27:25.139365,클렌징,바이오가 모이스춰 밸런싱 클렌징폼 500ml,22500
2021-08-05 15:27:25.139365,클렌징,벨라몬스터 리얼 솔루션 당근 패드 70매,7390
2021-08-05 15:27:25.139365,클렌징,스킨푸드 블랙 슈가 퍼펙트 에센셜 스크럽 ...,9620
2021-08-05 15:27:25.139365,클렌징,닥터브로너스 퓨어 캐스틸 바솝 140g,5130
2021-08-05 15:27:25.139365,클렌징,유리피부 그란떼 클렌징 오일 300ml,13180
2021-08-05 15:27:25.139365,클렌징,바이오더마 세비엄 H2O 500ml,9200
2021-08-05 15:27:25.139365,클렌징,더샘 힐링 티 가든 그린티 클렌징 워터 300...,2730
2021-08-05 15:27:25.139365,클렌징,아모레퍼시픽 일리윤 프레쉬 모이스춰 립 앤...,4980
2021-08-05 15:27:25.139365,클렌징,뉴트로지나 딥 클린 아크네 폼 클렌저 175g,9000
2021-08-05 15:27:25.139365,클렌징,키엘 카렌듈라 딥 클렌징 포밍 페이스 워시...,36000
2021-08-05 15:27:25.139365,클렌징,마녀공장 클렌징 소다폼 150ml,8730
2021-08-05 15:27:25.139365,클렌징,프리메라 모이스처 클렌징티슈 60매,9360
2021-08-05 15:27:25.139365,클렌징,코스알엑스 원스텝 그린 히어로 카밍 패드 ...,8690
2021-08-05 15:27:25.139365,클렌징,라노아 어성초 비누 100g(민감성),8000
2021-08-05 15:27:25.139365,마스크/팩,뉴트리스톰 97.8 영양폭풍 스킨케어 마스크...,5000
2021-08-05 15:27:25.139365,마스크/팩,닥터레인보우 데일리 마스크팩 27ml,6900
2021-08-05 15:27:25.139365,마스크/팩,루이앤레이 리얼 토닝 샷 에센스 마스크 28...,1790
2021-08-05 15:27:25.139365,마스크/팩,강블리 제주 콜라겐 블랙헤드 키트,2500
2021-08-05 15:27:25.139365,마스크/팩,강블리 제주 유채꿀 영양 마스크 25ml,2250
2021-08-05 15:27:25.139365,마스크/팩,린제이 프리미엄 쿨 티트리 모델링 마스크 ...,12990
2021-08-05 15:27:25.139365,마스크/팩,차앤박 안티 포어 블랙헤드 클리어 키트,12680
2021-08-05 15:27:25.139365,마스크/팩,김정문알로에 큐어 알로에 슬라이스 젤리 마...,810
2021-08-05 15:27:25.139365,마스크/팩,아비브 약산성 pH 시트 마스크 어성초 핏 3...,1440
2021-08-05 15:27:25.139365,마스크/팩,더마픽스 퍼펙트 리얼 퍼포먼스 콜라겐 100...,3550
2021-08-05 15:27:25.139365,마스크/팩,코스메쉐프 흑당고 마시지 고체팩 110g,25800
2021-08-05 15:27:25.139365,마스크/팩,아비브 어성초 스팟패드 카밍터치,11480
2021-08-05 15:27:25.139365,마스크/팩,시엘로가닉 닥터미우 모델링팩 허브 마스크...,24500
2021-08-05 15:27:25.139365,마스크/팩,설화수 옥용 팩 150ml,17990
2021-08-05 15:27:25.139365,마스크/팩,다자연 어성초 유기농 마스크 팩,840
2021-08-05 15:27:25.139365,마스크/팩,큐 리프팅마스크팩 모공축소팩 20ml,3000
2021-08-05 15:27:25.139365,마스크/팩,멘톨로지 슈퍼쿨 마스크 25ml,15000
2021-08-05 15:27:25.139365,마스크/팩,닥터지 레드 블레미쉬 쿨 수딩 마스크 30ml,980
2021-08-05 15:27:25.139365,마스크/팩,아이디에이지 페이스 핏 플라스터 석고 마스...,8780
2021-08-05 15:27:25.139365,마스크/팩,일리윤 일리 연꽃 수분 마스크 20g,300
2021-08-05 15:27:25.139365,마스크/팩,셀링데이 더마 컬렉션 헬씨 수딩 모이스처라...,35000
2021-08-05 15:27:25.139365,마스크/팩,미팩토리 3단 돼지 코팩,1740
2021-08-05 15:27:25.139365,마스크/팩,설화수 여윤 팩 120ml,21790
2021-08-05 15:27:25.139365,마스크/팩,웰더마 프리미엄 사파이어 콜라겐 임팩트 피...,2790
2021-08-05 15:27:25.139365,마스크/팩,메디힐 티트리 케어 솔루션 에센셜 마스크 ...,950
2021-08-05 15:27:25.139365,마스크/팩,라네즈 워터 슬리핑 마스크 70ml,10170
2021-08-05 15:27:25.139365,마스크/팩,참존 콘트롤 크림 셀프 마사지 2개 세트,8910
2021-08-05 15:27:25.139365,마스크/팩,아비브 껌딱지 시트 마스크 어성초 스티커 ...,1330
2021-08-05 15:27:25.139365,마스크/팩,셀더마 나인톡스 하이드로겔 마스크 30g,770
2021-08-05 15:27:25.139365,마스크/팩,이니스프리 화산송이 카밍 모공 클레이 마스...,10470
2021-08-05 15:27:25.139365,마스크/팩,라네즈 립 슬리핑 마스크 베리 20g,6770
2021-08-05 15:27:25.139365,마스크/팩,참존 뉴 콘트롤 크림 200ml + 50ml,6040
2021-08-05 15:27:25.139365,마스크/팩,드림웍스 아임 더 리얼 슈렉 팩 110g,5560
2021-08-05 15:27:25.139365,마스크/팩,한율 달빛유자 수면팩 60ml,13950
2021-08-05 15:27:25.139365,마스크/팩,닥터자르트 더마스크 워터젯 수딩 하이드라...,630
2021-08-05 15:27:25.139365,마스크/팩,참존 콘트롤 크림 셀프 마사지 150ml,4560
2021-08-05 15:27:25.139365,마스크/팩,더마토리 하이포알러제닉 시카 레스큐 거즈...,10430
2021-08-05 15:27:25.139365,마스크/팩,오제끄 아웃도어 비타토닝 패치,8960
2021-08-05 15:27:25.139365,마스크/팩,이니스프리 수퍼 화산송이 모공 마스크 2X ...,7190
2021-08-05 15:27:25.139365,마스크/팩,설화수 윤조 마스크,2640
2021-08-05 15:27:25.139365,마스크/팩,메디힐 티트리 케어 솔루션 에센셜 마스크 ...,530
2021-08-05 15:27:25.139365,마스크/팩,일리윤 동백 오일 영양 마스크 30g,300
2021-08-05 15:27:25.139365,마스크/팩,더랩바이블랑두 올리고 히알루론산 7 멀티 ...,13430
2021-08-05 15:27:25.139365,마스크/팩,원스인어문 노모어하이드 스팟 클리어 패치,5930
2021-08-05 15:27:25.139365,마스크/팩,원데이즈유 피지쏙쏙 노모어 블랙헤드 100m...,12570
2021-08-05 15:27:25.139365,마스크/팩,라비오뜨 프리미엄 콜라겐 풀 업 마스크 30...,790
2021-08-05 15:27:25.139365,마스크/팩,김정문알로에 큐어 더 퍼스트 솔루션 알로에...,740
2021-08-05 15:27:25.139365,마스크/팩,아크로패스 트러블 큐어 패치,6900
2021-08-05 15:27:25.139365,마스크/팩,착한팩토리 숯 폭탄 깜장 코팩 40ml,8660
2021-08-05 15:27:25.139365,마스크/팩,해서린 스팟 케어 패치 키트,4500
2021-08-05 15:27:25.139365,마스크/팩,구달 청귤 비타C 세럼 마스크 30ml,1270
2021-08-05 15:27:25.139365,마스크/팩,닥터지 레드 블레미쉬 클리어 퀵 수딩 팩,14970
2021-08-05 15:27:25.139365,마스크/팩,닥터자르트 시카 페어 카밍 마스크 25g,590
2021-08-05 15:27:25.139365,마스크/팩,더에스유 프리미엄 하이드로겔 아이패치,19000
2021-08-05 15:27:25.139365,마스크/팩,에이프릴스킨 리얼 카렌둘라 필 오프 팩 10...,11970
2021-08-05 15:27:25.139365,마스크/팩,메트리콜 콜라겐 원 탄력 마스크,15500
2021-08-05 15:27:25.139365,마스크/팩,센텔리안24 마데카 더마 마스크3 인텐시브 ...,600
2021-08-05 15:27:25.139365,마스크/팩,메디덤 하이드로겔 스포츠 마스크 21g,30000
2021-08-05 15:27:25.139365,마스크/팩,아리따움 프레시 파워 에센스 마스크 히아루...,490
2021-08-05 15:27:25.139365,마스크/팩,듀이트리 픽 앤 퀵 뽑아쓰는 화장발 마스크,8350
2021-08-05 15:27:25.139365,마스크/팩,이니스프리 수퍼 화산송이 클레이 무스 마스...,10570
2021-08-05 15:27:25.139365,마스크/팩,헤라 히아루로닉 마스크,2900
2021-08-05 15:27:25.139365,마스크/팩,메디앤서 콜라겐 퍼밍업 마스크,1390
2021-08-05 15:27:25.139365,마스크/팩,메디앤서 리얼 스킨핏 콜라겐 마스크 35ml,1800
2021-08-05 15:27:25.139365,마스크/팩,셀더마 나인톡스 피팅겔 마스크 25g,1480
2021-08-05 15:27:25.139365,마스크/팩,LUSH 마스크 오브 매그너민티 125g,20000
2021-08-05 15:27:25.139365,마스크/팩,닥터자르트 더마스트 워터젯 바이탈 하이드...,1210
2021-08-05 15:27:25.139365,마스크/팩,구달 청귤 비타C 수분 아이 패치,10760
2021-08-05 15:27:25.139365,마스크/팩,아이아쁘 율담 패치 20ml,22800
2021-08-05 15:27:25.139365,마스크/팩,셀퓨전씨 포스트알파 퍼스트 쿨링 마스크 2...,1330
2021-08-05 15:27:25.139365,마스크/팩,올리고더미 스트로베리 마스크 125ml,39980
2021-08-05 15:27:25.139365,마스크/팩,바게지 밸런스 스폰지 마스크 150ml,7290
2021-08-05 15:27:25.139365,마스크/팩,디오메르 페이셜 퓨리파잉 워시오프 마스크...,19600
2021-08-05 15:27:25.139365,마스크/팩,설화수 진초팩 120ml,23110
2021-08-05 15:27:25.139365,마스크/팩,설화수 자음생 마스크,7500
2021-08-05 15:27:25.139365,마스크/팩,메디힐 W.H.P 미백 수분 블랙 마스크 EX 25...,760
2021-08-05 15:27:25.139365,마스크/팩,설화수 예율 마사지 크림 120ml,31100
2021-08-05 15:27:25.139365,마스크/팩,AHC 프리미엄 바이탈 C 컴플렉스 마스크팩 ...,940
2021-08-05 15:27:25.139365,마스크/팩,라네즈 시카 슬리핑 마스크 60ml,13070
2021-08-05 15:27:25.139365,마스크/팩,일동제약 퍼스트랩 프로바이오틱 마스크 25...,990
2021-08-05 15:27:25.139365,마스크/팩,센텔리안24 엑스퍼트 마데카 크림 랩핑 마스...,1500
2021-08-05 15:27:25.139365,마스크/팩,스킨스쿨 아쿠아 힐링팩 180ml,68000
2021-08-05 15:27:25.139365,마스크/팩,데쌍브르 스피룰리나 고무팩 1000g,53000
2021-08-05 15:27:25.139365,마스크/팩,설화수 자정 미백 마스크,3900
2021-08-05 15:27:25.139365,마스크/팩,리뉴메디 라디언트 마스크 팩 25ml,760
2021-08-05 15:27:25.139365,마스크/팩,토리든 다이브인 저분자 히알루론산 마스크...,1470
2021-08-05 15:27:25.139365,마스크/팩,에이바자르 퍼펙트 브이 리프팅 프리미엄 마...,3450
2021-08-05 15:27:25.139365,마스크/팩,에템 리얼 시카 필 오프 팩 100g,8380
2021-08-05 15:27:25.139365,마스크/팩,코에티카 멜라즈마 화이트 패치 4.5g,11990
2021-08-05 15:27:25.139365,마스크/팩,메디힐 콜라겐 임팩트 에센셜 마스크 EX,500
2021-08-05 15:27:25.139365,마스크/팩,스테디 시카리프 클레이 마스크 120ml,8830
2021-08-05 15:27:25.139365,마스크/팩,착한팩토리 센텔라 시카리얼팩 100ml,14400
2021-08-05 15:27:25.139365,마스크/팩,네슈라 까만 참숯 코 팩,1640
2021-08-05 15:27:25.139365,마스크/팩,설화수 백삼팩 120ml,46750
2021-08-05 15:27:25.139365,마스크/팩,트러블닥터 마이크로 니들 패치,7200
2021-08-05 15:27:25.139365,마스크/팩,미키모토코스메틱 골드라벨 에센스 마스크 ...,2740
2021-08-05 15:27:25.139365,마스크/팩,자연담은유리병 저분자 콜라겐 마스크 팩 2...,5600
2021-08-05 15:27:25.139365,마스크/팩,메디힐 N.M.F 아쿠아링거 앰플 마스크 EX 2...,500
2021-08-05 15:27:25.139365,마스크/팩,나인테일즈 더 리얼 글로우 앤 리프팅 마스...,2210
2021-08-05 15:27:25.139365,마스크/팩,메디힐 티트리 카밍 에센스 패드 130ml,11400
2021-08-05 15:27:25.139365,선케어,쿤달 시카 앤 칼라민 퍼펙트 리페어 선크림...,10900
2021-08-05 15:27:25.139365,선케어,닥터지 그린 마일드 업 선 플러스 50ml(SPF...,7400
2021-08-05 15:27:25.139365,선케어,닥터지 브라이트닝 업 선 플러스 50ml (SPF...,9800
2021-08-05 15:27:25.139365,선케어,AHC 세이프 온 수딩 선 쿠션 25g(SPF50+),6080
2021-08-05 15:27:25.139365,선케어,"헤라 선 메이트 프로텍터 50ml(신형, SPF50...",15600
2021-08-05 15:27:25.139365,선케어,엘로엘 팡팡 빅 선 쿠션 시즌 5 25g(SPF50+...,6640
2021-08-05 15:27:25.139365,선케어,야다 오 마이 선 스틱 18g(SPF50+),8900
2021-08-05 15:27:25.139365,선케어,AHC 내추럴 퍼펙션 더블 쉴드 선스틱 22g(S...,5900
2021-08-05 15:27:25.139365,선케어,헤라 선 메이트 레포츠 프로 워터프루프 70...,13990
2021-08-05 15:27:25.139365,선케어,달바 워터풀 에센스 선크림 50ml(SPF50+),14930
2021-08-05 15:27:25.139365,선케어,셀퓨전씨 레이저 썬 스크린 100 50ml(SPF50...,13970
2021-08-05 15:27:25.139365,선케어,헤라 선 메이트 데일리 70ml(SPF35),17090
2021-08-05 15:27:25.139365,선케어,아이오페 UV 쉴드 선 프로텍터 XP 60ml(SPF...,10530
2021-08-05 15:27:25.139365,선케어,설화수 상백 크림 50ml(SPF50+),37340
2021-08-05 15:27:25.139365,선케어,김정문알로에 큐어 워터 스플래쉬 쿨링 선쿠...,6880
2021-08-05 15:27:25.139365,선케어,애터미 선 스크린 60ml(SPF50+),5920
2021-08-05 15:27:25.139365,선케어,강블리 제주 동백 에센셜 선 크림 50ml(SPF...,14500
2021-08-05 15:27:25.139365,선케어,닥터지 메디 UV 울트라 선 50ml(SPF50+),6800
2021-08-05 15:27:25.139365,선케어,헤라 선 메이트 스틱 20g(SPF50+),18200
2021-08-05 15:27:25.139365,선케어,닥터지 그린 마일드 업 선 50ml (SPF50+),9400
2021-08-05 15:27:25.139365,선케어,하와이안트로픽 다크 블랜딩오일 240ml,5850
2021-08-05 15:27:25.139365,선케어,에스쁘아 워터 스플래쉬 선크림 60ml(SPF50...,8450
2021-08-05 15:27:25.139365,선케어,이니스프리 톤업 노세범 선스크린 50ml(SPF...,7260
2021-08-05 15:27:25.139365,선케어,차앤박 톤업 프로텍션 선 50ml(SPF42),9040
2021-08-05 15:27:25.139365,선케어,AHC 내추럴 퍼펙션 더블 쉴드 선스틱 14g(S...,4690
2021-08-05 15:27:25.139365,선케어,듀이셀 필터링 크림 40ml(SPF50+),16940
2021-08-05 15:27:25.139365,선케어,일리윤 저자극 이지워시 선크림 150ml (SPF...,14670
2021-08-05 15:27:25.139365,선케어,라운드랩 자작나무 수분 선크림 50ml (SPF5...,12140
2021-08-05 15:27:25.139365,선케어,네이처리퍼블릭 알로에 보송 선스틱 24g(SP...,5870
2021-08-05 15:27:25.139365,선케어,AHC 세이프 온 라이트 선 세럼 55ml(SPF50+...,13070
2021-08-05 15:27:25.139365,선케어,달바 워터풀 마일드 선크림 50ml(SPF50+),11950
2021-08-05 15:27:25.139365,선케어,이오니언 올 데이즈 선 크림 50ml(SPF50+),38000
2021-08-05 15:27:25.139365,선케어,리쥬란힐러 UV 프로텍션 크림 40ml(SPF50+),16150
2021-08-05 15:27:25.139365,선케어,인셀덤 아쿠아 프로덕션 선 젤 50ml(SPF45),17900
2021-08-05 15:27:25.139365,선케어,니베아 더마 센서티브 스킨 선 로션 200ml(...,6370
2021-08-05 15:27:25.139365,선케어,AHC 내추럴 퍼펙션 더블 쉴드 선스틱 22g(S...,6080
2021-08-05 15:27:25.139365,선케어,닥터지 그린 마일드 업 선 스틱 20g(민감성...,14450
2021-08-05 15:27:25.139365,선케어,네이처리퍼블릭 캘리포니아 알로에 보송 선...,5110
2021-08-05 15:27:25.139365,선케어,듀이트리 어반 쉐이드 커버 앤 핏 선 40ml(...,15400
2021-08-05 15:27:25.139365,선케어,키엘 울트라 라이트 데일리 UV 디펜스 썬스...,35360
2021-08-05 15:27:25.139365,선케어,디오메르 데일리 선크림 70ml(SPF50),24500
2021-08-05 15:27:25.139365,선케어,듀이트리 어반쉐이드 안티폴루션 선 50ml(S...,13020
2021-08-05 15:27:25.139365,선케어,레시피 눈꽃 썬 스프레이 120ml(SPF50+),1900
2021-08-05 15:27:25.139365,선케어,아넷사 퍼펙트 UV 선스크린 스킨케어 밀크 ...,27300
2021-08-05 15:27:25.139365,선케어,김정문알로에 큐어 아쿠아 마일드 수딩 선 ...,9640
2021-08-05 15:27:25.139365,선케어,니베아 프로텍트 앤 라이트 필 퍼펙트 선 세...,7190
2021-08-05 15:27:25.139365,선케어,헤라 선 메이트 에어리 선 밀크 50ml(SPF50...,22500
2021-08-05 15:27:25.139365,선케어,셀퓨전씨 토닝 썬스크린 100 50ml(SPF50+),13440
2021-08-05 15:27:25.139365,선케어,싸이닉 엔조이 슈퍼 마일드 선 50ml(SPF50+...,5600
2021-08-05 15:27:25.139365,선케어,한율 흰감국 광채 선크림 70ml(SPF50+),10900
2021-08-05 15:27:25.139365,선케어,올리브영 오스트레일리안골드 태닝오일 스프...,19500
2021-08-05 15:27:25.139365,선케어,AHC 내추럴 퍼펙션 프레쉬 선스틱 22g(SPF5...,6430
2021-08-05 15:27:25.139365,선케어,이니스프리 데일리 마일드 선스크린 50ml (...,13350
2021-08-05 15:27:25.139365,선케어,해피바스 퍼펙트 선 로션 200g(SPF50+),5050
2021-08-05 15:27:25.139365,선케어,벨르랑코 워터글로우 디펜스 톤업 선크림 5...,42000
2021-08-05 15:27:25.139365,선케어,프리더마 세리 내츄럴 유브이 차단 선크림 ...,19900
2021-08-05 15:27:25.139365,선케어,리에노 수분 듬뿍 빅 선쿠션 25g(SPF50+),10440
2021-08-05 15:27:25.139365,선케어,메이크프렘 유브이 디펜스 미 데일리 선 플...,17050
2021-08-05 15:27:25.139365,선케어,랑콤 유브이 엑스퍼트 유스 쉴드 아쿠아 젤...,42000
2021-08-05 15:27:25.139365,선케어,AHC 내추럴 퍼펙션 프레쉬 선스틱 17g(SPF5...,5590
2021-08-05 15:27:25.139365,선케어,메디힐 라보케어 세라마티카 선 스프레이 1...,1240
2021-08-05 15:27:25.139365,선케어,헤라 선 메이트 엑설런스 40ml(SPF50+),20910
2021-08-05 15:27:25.139365,선케어,하와이안트로픽 다크 태닝오일 240ml,5880
2021-08-05 15:27:25.139365,선케어,컬러랩스 화이트 태닝 100X 로션 300ml,29990
2021-08-05 15:27:25.139365,선케어,김정문알로에 큐어 워터 스플래쉬 쿨링 선스...,11990
2021-08-05 15:27:25.139365,선케어,식물나라 산소수 생기 톤업 선 쿠션 15g(SP...,11800
2021-08-05 15:27:25.139365,선케어,프리메라 스킨 릴리프 워터프루프 선 블록 ...,15190
2021-08-05 15:27:25.139365,선케어,아웃런 익스트림 선스틱 18g(SPF50+),13860
2021-08-05 15:27:25.139365,선케어,닥터지 그린 마일드 업 선 에센스 50ml(SPF...,18220
2021-08-05 15:27:25.139365,선케어,헤라 선 메이트 프로텍터 70ml(SPF50+),29700
2021-08-05 15:27:25.139365,선케어,마몽드 에브리데이 아쿠아 선크림 50ml(SPF...,4180
2021-08-05 15:27:25.139365,선케어,김정문알로에 큐어 에어라이트 유브이 쉴드...,10510
2021-08-05 15:27:25.139365,선케어,아이오페 유브이 쉴드 에센셜 톤업 선 50ml...,16880
2021-08-05 15:27:25.139365,선케어,어퓨 퓨어 블록 내추럴 데일리 선크림 100m...,4920
2021-08-05 15:27:25.139365,선케어,메이크프렘 유브이 디펜스 미 톤업 선크림 ...,14030
2021-08-05 15:27:25.139365,선케어,인셀덤 칵테일 아쿠아 선젤 50ml(SPF50+),21450
2021-08-05 15:27:25.139365,선케어,AHC 마스터즈 에어 리치 선스틱 14g(SPF50+...,19030
2021-08-05 15:27:25.139365,선케어,랑콤 유브이 엑스퍼트 유스 쉴드 밀키 브라...,59700
2021-08-05 15:27:25.139365,선케어,라운드랩 365 안심 선크림 50ml(SPF50+),12280
2021-08-05 15:27:25.139365,선케어,이니스프리 인텐시브 트리플 쉴드 선스크린...,8550
2021-08-05 15:27:25.139365,선케어,브이티코스메틱 시카 선스프레이 150ml(SPF...,6030
2021-08-05 15:27:25.139365,선케어,에스쁘아 워터 스플래쉬 선크림 프레쉬 60m...,8700
2021-08-05 15:27:25.139365,선케어,에끌라두 UV 오일프리 선크림 70g(SPF50+),15630
2021-08-05 15:27:25.139365,선케어,에네스티 유브이컷 퍼펙트 선스틱 23g(SPF5...,7750
2021-08-05 15:27:25.139365,선케어,셀퓨전씨 더마 릴리프 썬스크린 100 50ml(S...,12220
2021-08-05 15:27:25.139365,선케어,닥터지 브라이트닝 업 선 50ml(SPF50+),10360
2021-08-05 15:27:25.139365,선케어,키엘 울트라 라이트 데일리 유브이 디펜스 ...,38100
2021-08-05 15:27:25.139365,선케어,아넷사 퍼펙트 UV 선스크린 스킨케어 젤 90...,19300
2021-08-05 15:27:25.139365,선케어,AHC 내추럴 퍼펙션 더블 쉴드 선 쿠션 25g ...,8990
2021-08-05 15:27:25.139365,선케어,설화수 상백 크림 30ml(SPF50+),32200
2021-08-05 15:27:25.139365,선케어,더하르나이 유브이 아웃 선블록 70ml(SPF50...,19600
2021-08-05 15:27:25.139365,선케어,인투메디 아쿠아 에브리원 선스틱 24g(SPF5...,5900
2021-08-05 15:27:25.139365,선케어,한율 흰감국 보송 선스틱 17g(SPF50+),11430
2021-08-05 15:27:25.139365,선케어,프리메라 스킨 릴리프 UV 프로텍터 EX 50ml...,15410
2021-08-05 15:27:25.139365,선케어,웰더마 쿨링 선 스프레이 180ml(SPF50+),10500
2021-08-05 15:27:25.139365,선케어,MISSHA 올 어라운드 세이프 블록 에센스 선...,3890
2021-08-05 15:27:25.139365,선케어,닥터올가 프리미엄 썬 프로텍션 크림 60ml(...,22440
2021-08-05 15:27:25.139365,선케어,아이오페 UV쉴드 선 스틱 20g (SPF50+),10010
2021-08-05 15:27:25.139365,선케어,싸이닉 엔조이 올라운드 에어리 썬쿠션 25g...,7980
2021-08-05 15:27:25.139365,선케어,디엠에스 코르테 더모 프로텍션 선 레스큐 ...,38000
2021-08-05 15:27:25.139365,남성화장품,안나플러스 4GF 남자 스킨 로션 올인원 120...,19790
2021-08-05 15:27:25.139365,남성화장품,그라운드랩 올인원 모이스처라이저 스킨 로...,34000
2021-08-05 15:27:25.139365,남성화장품,아이오페 맨 올데이 퍼펙트 올인원 120ml,14610
2021-08-05 15:27:25.139365,남성화장품,비오템옴므 아쿠아파워 올인원 프레시 로션...,40190
2021-08-05 15:27:25.139365,남성화장품,니베아 맨 센서티브 쉐이빙 폼 200ml,2410
2021-08-05 15:27:25.139365,남성화장품,헤라 옴므 에센스 인 2종 세트,33510
2021-08-05 15:27:25.139365,남성화장품,우르오스 올인원 모이스처라이저 스킨 로션...,19380
2021-08-05 15:27:25.139365,남성화장품,쏘맨 블랙본 올마이티 올인원 150ml,6900
2021-08-05 15:27:25.139365,남성화장품,랩시리즈 레스큐 워터 로션 200ml,35960
2021-08-05 15:27:25.139365,남성화장품,헤라 옴므 블랙 퍼펙트 2종 세트,50990
2021-08-05 15:27:25.139365,남성화장품,브리올옴므 더 이지 화이트닝 남성 올인원 ...,29360
2021-08-05 15:27:25.139365,남성화장품,헤라 옴므 에센스 인 스킨 125ml,16000
2021-08-05 15:27:25.139365,남성화장품,설화수 맨 본윤 2종 세트,56450
2021-08-05 15:27:25.139365,남성화장품,보닌 더 스타일 2종 세트,20420
2021-08-05 15:27:25.139365,남성화장품,우르오스 올인원 모이스처라이저 스킨 밀크...,19930
2021-08-05 15:27:25.139365,남성화장품,헤라 옴므 올인원 스킨 하이드로 트리트먼트...,34320
2021-08-05 15:27:25.139365,남성화장품,헤라 옴므 블랙 퍼펙트 플루이드 120ml,29510
2021-08-05 15:27:25.139365,남성화장품,아이오페 맨 바이오 2종 스페셜 세트,34600
2021-08-05 15:27:25.139365,남성화장품,프리메라 맨 오가니언스 2종 세트,27890
2021-08-05 15:27:25.139365,남성화장품,캘빈클라인 CK ONE 모이스처라이저 250ml,16000
2021-08-05 15:27:25.139365,남성화장품,피토메스 안티 포어 리파이닝 2종 세트,38000
2021-08-05 15:27:25.139365,남성화장품,제이엠알피 옴므 스타일 쿠션 15g(SPF50+),19500
2021-08-05 15:27:25.139365,남성화장품,브리올옴므 안티세범 화이트닝 기초 2종세트,38800
2021-08-05 15:27:25.139365,남성화장품,아이오페 맨 올데이 퍼펙트 톤업 올인원 12...,15990
2021-08-05 15:27:25.139365,남성화장품,멘넨 스킨 브레이서 애프터 쉐이브 레귤러 ...,3600
2021-08-05 15:27:25.139365,남성화장품,랩시리즈 멀티 액션 페이스 워시 100ml,18790
2021-08-05 15:27:25.139365,남성화장품,브리올옴므 브라이트닝 폼클렌징 500ml,19500
2021-08-05 15:27:25.139365,남성화장품,헤라 옴므 매니시모 인텐시브 2종 세트,61200
2021-08-05 15:27:25.139365,남성화장품,니베아 센서티브 쉐이빙 젤 200ml,2900
2021-08-05 15:27:25.139365,남성화장품,비오템옴므 아쿠아파워 모이스춰라이저 75m...,35220
2021-08-05 15:27:25.139365,남성화장품,오디세이 로맨틱 스킨 리파이너 130ml,10800
2021-08-05 15:27:25.139365,남성화장품,헤라 옴므 CC크림 50ml(SPF35),29580
2021-08-05 15:27:25.139365,남성화장품,바버501옴므 쉐이빙 부스터 스무디 시카 30...,25500
2021-08-05 15:27:25.139365,남성화장품,브리올옴므 화이트닝 스위치 온 비비 크림 ...,16560
2021-08-05 15:27:25.139365,남성화장품,오디세이 블랙 2종 세트,32110
2021-08-05 15:27:25.139365,남성화장품,헤라 옴므 블랙 퓨리파잉 클렌저 125g,12620
2021-08-05 15:27:25.139365,남성화장품,이니스프리 포레스트 포맨 안티에이징 올인...,13490
2021-08-05 15:27:25.139365,남성화장품,헤라 옴므 에센스 인 에멀젼 110ml,16000
2021-08-05 15:27:25.139365,남성화장품,올드스파이스 애프터 쉐이브 클래식 188ml,9000
2021-08-05 15:27:25.139365,남성화장품,엠도씨 화이트닝 스킨 플러스 로션 150ml,16740
2021-08-05 15:27:25.139365,남성화장품,보닌 더 캐릭터 2종 세트,13310
2021-08-05 15:27:25.139365,남성화장품,헤라 옴므 블랙 퍼펙트 스킨 120ml,25430
2021-08-05 15:27:25.139365,남성화장품,랩시리즈 프로 LS 올인원 페이스 트리트먼트...,17340
2021-08-05 15:27:25.139365,남성화장품,오휘 포 맨 네오필 2종 세트,23760
2021-08-05 15:27:25.139365,남성화장품,헤라 옴므 매니시모 인텐시브 스킨 100ml,33180
2021-08-05 15:27:25.139365,남성화장품,헤라 옴므 블랙 퍼펙트 로션 120ml,28800
2021-08-05 15:27:25.139365,남성화장품,설화수 맨 본윤 유액 90ml,23580
2021-08-05 15:27:25.139365,남성화장품,설화수 본윤 에센스 140ml,32750
2021-08-05 15:27:25.139365,남성화장품,아이오페 맨 유브이 쉴드 선 프로텍터 EX 5...,11830
2021-08-05 15:27:25.139365,남성화장품,닥터지 레드 블레미쉬 포 맨 올인원 플루이...,16710
2021-08-05 15:27:25.139365,남성화장품,랩시리즈 에이지 레스큐 페이스 로션 50ml,42120
2021-08-05 15:27:25.139365,남성화장품,오브제 내추럴 커버 파운데이션 13g(SPF50+...,36800
2021-08-05 15:27:25.139365,남성화장품,질레트 프로글라이드 2in1 쉐이빙 젤 퓨어스...,3580
2021-08-05 15:27:25.139365,남성화장품,프리메라 맨 오가니언스 트리트먼트 워터 1...,13830
2021-08-05 15:27:25.139365,남성화장품,브리올옴므 화이트닝 프레시 아이 크림 포 ...,21000
2021-08-05 15:27:25.139365,남성화장품,보닌 더캐릭터 블랙 시그니처 2종 세트,6230
2021-08-05 15:27:25.139365,남성화장품,라네즈 옴므 액티브워터 2종 세트,23680
2021-08-05 15:27:25.139365,남성화장품,브로앤팁스 포인트 클리닉 남성청결제 150m...,19040
2021-08-05 15:27:25.139365,남성화장품,라끄베르 옴므 리차지 올인원 에센스 150ml,12390
2021-08-05 15:27:25.139365,남성화장품,비레디 마그네틱 피팅 쿠션 15g(SPF50+),12000
2021-08-05 15:27:25.139365,남성화장품,다슈 데일리 비타플렉스 남성청결제 300ml,12590
2021-08-05 15:27:25.139365,남성화장품,오디세이 로맨틱 2종 세트,22450
2021-08-05 15:27:25.139365,남성화장품,아라미스 애프터 쉐이브 200ml,31790
2021-08-05 15:27:25.139365,남성화장품,바버501옴므 쉐이빙 부스터 면도 크림 3종세...,36900
2021-08-05 15:27:25.139365,남성화장품,빌리프 맨올로지 101 스마트 리차저 100ml,27710
2021-08-05 15:27:25.139365,남성화장품,라네즈 옴므 블루 에너지 EX 2종 세트,29090
2021-08-05 15:27:25.139365,남성화장품,오디세이 로맨틱 스페셜 2종 세트,22430
2021-08-05 15:27:25.139365,남성화장품,브리올옴므 NW 즉각 톤업 크림 50ml,26000
2021-08-05 15:27:25.139365,남성화장품,프리메라 맨 오가니언스 모이스처라이징 에...,13740
2021-08-05 15:27:25.139365,남성화장품,니베아 맨 센서티브 원샷 올인원 로션 125m...,6390
2021-08-05 15:27:25.139365,남성화장품,아이오페 맨 바이오 에센스 인텐시브 컨디셔...,18480
2021-08-05 15:27:25.139365,남성화장품,이니스프리 포레스트 포맨 프레시 스킨케어...,23430
2021-08-05 15:27:25.139365,남성화장품,이니스프리 그린티 스킨 포 맨 150ml,8190
2021-08-05 15:27:25.139365,남성화장품,꽃을든남자 옴므 스킨 140ml,2460
2021-08-05 15:27:25.139365,남성화장품,아이오페 맨 유브이 쉴드 선 프로텍터 50ml...,11940
2021-08-05 15:27:25.139365,남성화장품,슈돌츠 젠틀 듀얼 선 비비 크림 30g,5900
2021-08-05 15:27:25.139365,남성화장품,헤라 옴므 블랙 액티브 부스팅 세럼 40ml,32780
2021-08-05 15:27:25.139365,남성화장품,라끄베르 옴므 리차지 마일드 셋 2종 세트,12970
2021-08-05 15:27:25.139365,남성화장품,맨즈스킨 블랙파워 클렌징 폼 125ml,12000
2021-08-05 15:27:25.139365,남성화장품,네이처리퍼블릭 아프리카 버드 옴므 올인원...,9890
2021-08-05 15:27:25.139365,남성화장품,보타닉힐보 아이디얼 포 맨 퍼펙트 올인원 ...,18200
2021-08-05 15:27:25.139365,남성화장품,라네즈 크림 스킨 옴므 올인원 150ml,13920
2021-08-05 15:27:25.139365,남성화장품,비오템 옴므 아쿠아틱 로션 애프터 쉐이브 ...,35540
2021-08-05 15:27:25.139365,남성화장품,아이오페 맨 파워 2X 올인원 120ml,22710
2021-08-05 15:27:25.139365,남성화장품,비레디 레벨 업 파운데이션 포 히어로즈 30...,14000
2021-08-05 15:27:25.139365,남성화장품,비오템 옴므 UV 디펜스 울트라 라이트 30ml...,21800
2021-08-05 15:27:25.139365,남성화장품,참존 알바트로스 탑뉴스 2종 세트,13300
2021-08-05 15:27:25.139365,남성화장품,질레트 포오미 멘솔 175g,1900
2021-08-05 15:27:25.139365,남성화장품,질레트 스킨텍 젤 195g,3750
2021-08-05 15:27:25.139365,남성화장품,그라운드랩 내츄럴 라이트 선 톤업 50ml,31000
2021-08-05 15:27:25.139365,남성화장품,헤라 옴므 매니시모 인텐시브 에멀전 100ml,32390
2021-08-05 15:27:25.139365,남성화장품,라네즈 옴므 블루 에너지 스킨 토너 EX 180...,14180
2021-08-05 15:27:25.139365,남성화장품,비오템 옴므 아쿠아파워 토너 200ml,35560
2021-08-05 15:27:25.139365,남성화장품,차앤박 옴므 랩 올인원 플루이드 110ml,14460
2021-08-05 15:27:25.139365,남성화장품,미래파 마일드 로션 125ml,5050
2021-08-05 15:27:25.139365,남성화장품,이니스프리 포레스트 포맨 포어케어 올인원...,14190
2021-08-05 15:27:25.139365,남성화장품,비오템옴므 옴므 UV 디펜스 울트라 라이트 ...,53090
2021-08-05 15:27:25.139365,남성화장품,비오템옴므 아쿠아 파워 모이스춰라이저 점...,51000
2021-08-05 15:27:25.139365,남성화장품,헤라 옴므 올인원 페이셜 드링크 75ml,30790
2021-08-05 15:27:25.139365,남성화장품,키엘 페이셜 퓨얼 에너자이징 토닉 포 맨 2...,26730
2021-08-05 15:27:25.139365,향수,조말론 우드 세이지 앤 씨 솔트 코롱,22250
2021-08-05 15:27:25.139365,향수,바이레도 블랑쉬 오드퍼퓸,112000
2021-08-05 15:27:25.139365,향수,조말론 블랙베리 앤 베이 오드코롱,22250
2021-08-05 15:27:25.139365,향수,미스디올 블루밍부케 오드뚜왈렛,19500
2021-08-05 15:27:25.139365,향수,랑방 에끌라 드 아르페쥬 우먼 오드퍼퓸,16000
2021-08-05 15:27:25.139365,향수,에르게니아 시트러스 자르딘 맨 오드퍼퓸,38600
2021-08-05 15:27:25.139365,향수,에르게니아 엘러건트 부케 우먼 오드퍼퓸,39000
2021-08-05 15:27:25.139365,향수,에르게니아 업세스 머스크 맨 오드퍼퓸,38600
2021-08-05 15:27:25.139365,향수,조말론 잉글리쉬 페어 앤 프리지아 오드코롱,22250
2021-08-05 15:27:25.139365,향수,아쿠아디파르마 미르토 디 파나레아 오드뚜...,54300
2021-08-05 15:27:25.139365,향수,아르마리오 맨 레이어드 퍼퓸 남자향수,49800
2021-08-05 15:27:25.139365,향수,존바바토스 아티산 맨 오드뚜왈렛,25000
2021-08-05 15:27:25.139365,향수,에르게니아 스위티 구르망 우먼 오드퍼퓸,39000
2021-08-05 15:27:25.139365,향수,딥티크 플레르 드 뽀 오드퍼퓸,166000
2021-08-05 15:27:25.139365,향수,바이레도 라튤립 오드퍼퓸,135450
2021-08-05 15:27:25.139365,향수,캘빈클라인 ck one 오드뚜왈렛,5000
2021-08-05 15:27:25.139365,향수,샤넬 샹스 오 땅드르 우먼 오드뚜왈렛,74990
2021-08-05 15:27:25.139365,향수,샤넬 코코 마드모아젤 우먼 오드퍼퓸,79990
2021-08-05 15:27:25.139365,향수,크리드 어벤투스 오드퍼퓸,85000
2021-08-05 15:27:25.139365,향수,유즈 스테이 포에버 002 솔리드 퍼퓸,30600
2021-08-05 15:27:25.139365,향수,클린 웜 코튼 우먼 오드퍼퓸,20000
2021-08-05 15:27:25.139365,향수,불가리 블루 뿌르 옴므 오드뚜왈렛,30000
2021-08-05 15:27:25.139365,향수,조말론 라임 바질 앤 만다린 오드코롱,48060
2021-08-05 15:27:25.139365,향수,키엘 오리지널 머스크 블랜드 No 1 오드뚜왈...,54420
2021-08-05 15:27:25.139365,향수,페라리 라이트 에센스 오드뚜왈렛,13000
2021-08-05 15:27:25.139365,향수,샤넬 알뤼르 옴므 스포츠 오드뚜왈렛,81880
2021-08-05 15:27:25.139365,향수,딥티크 오 데 썽 오드뚜왈렛,111830
2021-08-05 15:27:25.139365,향수,산타마리아노벨라 아쿠아 디 콜로니아 프리...,145360
2021-08-05 15:27:25.139365,향수,돌체앤가바나 라이트 블루 우먼 오드뚜왈렛,23000
2021-08-05 15:27:25.139365,향수,샤넬 블루 드 맨 오드퍼퓸,82550
2021-08-05 15:27:25.139365,향수,불가리 옴니아 아메시스트 우먼 오드뚜왈렛,7400
2021-08-05 15:27:25.139365,향수,끌로에 우먼 오드퍼퓸,61410
2021-08-05 15:27:25.139365,향수,대니멕켄지 밤쉘 퍼퓸오일,39990
2021-08-05 15:27:25.139365,향수,딥티크 탐 다오 오드퍼퓸,130000
2021-08-05 15:27:25.139365,향수,랑방 모던 프린세스 오 센슈얼 오드뚜왈렛,15000
2021-08-05 15:27:25.139365,향수,불가리 뿌르 옴므 익스트림 오드뚜왈렛,33000
2021-08-05 15:27:25.139365,향수,입생로랑 리브르 오드퍼퓸,65780
2021-08-05 15:27:25.139365,향수,르라보 상탈 33 오드퍼퓸,115000
2021-08-05 15:27:25.139365,향수,프레쉬 헤스페리데스 오 드 퍼퓸,29740
2021-08-05 15:27:25.139365,향수,롤리타렘피카 우먼 오드퍼퓸,33000
2021-08-05 15:27:25.139365,향수,딥티크 롬브로단로 오드퍼퓸,130000
2021-08-05 15:27:25.139365,향수,미스 디올 블루밍 부케 롤러-펄 오 드 뚜왈...,46480
2021-08-05 15:27:25.139365,향수,입생로랑 몽 파리 오드 빠르펭,66250
2021-08-05 15:27:25.139365,향수,바이레도 발 다프리크 오드퍼퓸,115490
2021-08-05 15:27:25.139365,향수,샤넬 No.5 오드퍼퓸,73990
2021-08-05 15:27:25.139365,향수,엘리자베스아덴 그린 티 우먼 오드뚜왈렛,5000
2021-08-05 15:27:25.139365,향수,딥티크 도 손 오드퍼퓸,93310
2021-08-05 15:27:25.139365,향수,바이레도 모하비 고스트 오드퍼퓸,125000
2021-08-05 15:27:25.139365,향수,메종마르지엘라 레이지 선데이 모닝 오드뚜...,79650
2021-08-05 15:27:25.139365,향수,포맨트 포맨 시그니처 퍼퓸,32840
2021-08-05 15:27:25.139365,향수,제니퍼로페즈 글로우 바이 제이로 오드뚜왈...,12000
2021-08-05 15:27:25.139365,향수,구찌 블룸 우먼 오드퍼퓸,77000
2021-08-05 15:27:25.139365,향수,지미추 우먼 오드뚜왈렛,19000
2021-08-05 15:27:25.139365,향수,딥티크 도 손 오드뚜왈렛,100300
2021-08-05 15:27:25.139365,향수,에르메스 운 자르뎅 수르닐 오드뚜왈렛,55790
2021-08-05 15:27:25.139365,향수,살바토레페라가모 인칸토 참 우먼 오드뚜왈...,6000
2021-08-05 15:27:25.139365,향수,조마드 블루밍나잇 옴므 오드퍼퓸,39900
2021-08-05 15:27:25.139365,향수,샤넬 가브리엘 팜므 오드퍼퓸,78000
2021-08-05 15:27:25.139365,향수,다비도프 쿨 워터 맨 오드뚜왈렛,14000
2021-08-05 15:27:25.139365,향수,버버리 위크앤드 포맨 오드뚜왈렛,13000
2021-08-05 15:27:25.139365,향수,샤넬 코코 마드모아젤 로 프리베 스프레이 ...,124740
2021-08-05 15:27:25.139365,향수,베르사체 브라이트 크리스탈 우먼 오드뚜왈...,7000
2021-08-05 15:27:25.139365,향수,딥티크 필로시코스 오드퍼퓸,137930
2021-08-05 15:27:25.139365,향수,캘빈클라인 ck be 오드뚜왈렛,15000
2021-08-05 15:27:25.139365,향수,불가리 쁘띠 에 마망 우먼 오드뚜왈렛,22000
2021-08-05 15:27:25.139365,향수,아쿠아디파르마 피코 디 아말피 오드뚜왈렛,44910
2021-08-05 15:27:25.139365,향수,엘보라리오 흰백합 향수 우먼 퍼퓸,46800
2021-08-05 15:27:25.139365,향수,조말론 피오니 앤 블러쉬 스웨이드 오드코롱,69500
2021-08-05 15:27:25.139365,향수,톰포드 비터 피치 오 드 퍼퓸,98500
2021-08-05 15:27:25.139365,향수,지미추 블러썸 우먼 오드퍼퓸,19000
2021-08-05 15:27:25.139365,향수,포맨트 시그니처 퍼퓸 코튼메모리,44560
2021-08-05 15:27:25.139365,향수,랑방 모던 프린세스 팜므 오드퍼퓸,16000
2021-08-05 15:27:25.139365,향수,더바디샵 화이트 머스크 우먼 오드뚜왈렛,19480
2021-08-05 15:27:25.139365,향수,랑방 메리미 우먼 오드퍼퓸,14000
2021-08-05 15:27:25.139365,향수,랑방 잔느 우먼 오드퍼퓸,14000
2021-08-05 15:27:25.139365,향수,디올 소바쥬 맨 오드뚜왈렛,25000
2021-08-05 15:27:25.139365,향수,디올 쟈도르 우먼 오드퍼퓸,22000
2021-08-05 15:27:25.139365,향수,헤라 지일 우먼 오드퍼퓸,20890
2021-08-05 15:27:25.139365,향수,몽블랑 익스플로러 맨 오드퍼퓸,19000
2021-08-05 15:27:25.139365,향수,톰포드 로스트 체리 우먼 오드퍼퓸,85000
2021-08-05 15:27:25.139365,향수,샤넬 샹스 오 땅드르 오드퍼퓸,83000
2021-08-05 15:27:25.139365,향수,몽블랑 스타워커 맨 오드뚜왈렛,21000
2021-08-05 15:27:25.139365,향수,마크제이콥스 데이지 드림 우먼 오드뚜왈렛,31000
2021-08-05 15:27:25.139365,향수,샤넬 넘버5 로 우먼 오드뚜왈렛,77990
2021-08-05 15:27:25.139365,향수,존바바토스 아티산 퓨어 맨 오드뚜왈렛,11000
2021-08-05 15:27:25.139365,향수,메종프란시스커정 바카라 루쥬 오드퍼퓸,166320
2021-08-05 15:27:25.139365,향수,마크제이콥스 스플래쉬 레인 오드뚜왈렛,48700
2021-08-05 15:27:25.139365,향수,샤넬 블루 드 맨 오드뚜왈렛,83000
2021-08-05 15:27:25.139365,향수,헤라 익셉셔널 팜므 오드퍼퓸,43200
2021-08-05 15:27:25.139365,향수,라임유 우먼 오 드 퍼퓸,49950
2021-08-05 15:27:25.139365,향수,파코라반 원밀리언 골드콜렉터 맨 오드뚜왈...,41330
2021-08-05 15:27:25.139365,향수,버버리 위크엔드 우먼 오드퍼퓸,20000
2021-08-05 15:27:25.139365,향수,베르사체 오 프레쉬 맨 오드뚜왈렛,4000
2021-08-05 15:27:25.139365,향수,존바바토스 아티산 블루 오드뚜왈렛,25000
2021-08-05 15:27:25.139365,향수,플라워바이 겐조 우먼 오드뚜왈렛,25000
2021-08-05 15:27:25.139365,향수,랑콤 미라클 우먼 오드퍼퓸,35340
2021-08-05 15:27:25.139365,향수,바이레도 집시 워터 오드퍼퓸,124890
2021-08-05 15:27:25.139365,향수,구찌 길티 우먼 오드뚜왈렛,34790
2021-08-05 15:27:25.139365,향수,몽블랑 레전드 맨 오드뚜왈렛,13000
2021-08-05 15:27:25.139365,향수,헤라 더 시그니처 오드퍼퓸,45480
2021-08-05 15:27:25.139365,바디케어,강블리 제주 유채꿀 바디 로션 500ml,3000
2021-08-05 15:27:25.139365,바디케어,강블리 항균 핸드 워시 파우더 300ml 파우더...,3000
2021-08-05 15:27:25.139365,바디케어,쿤달 에어리 퍼퓸 데오드란트 베이비 파우더...,7500
2021-08-05 15:27:25.139365,바디케어,쿤달 퓨어 바디 로션 화이트 머스크 500ml,8500
2021-08-05 15:27:25.139365,바디케어,도브 뷰티 너리싱 바디워시 1L,3350
2021-08-05 15:27:25.139365,바디케어,강블리 제주 마유 바디워시 500ml,2800
2021-08-05 15:27:25.139365,바디케어,김정문알로에 큐어 알로에 수딩젤 150ml,3820
2021-08-05 15:27:25.139365,바디케어,일리윤 세라마이드 아토 로션 528ml,8880
2021-08-05 15:27:25.139365,바디케어,일리윤 세라마이드 아토 6.0 탑투토 워시 5...,4320
2021-08-05 15:27:25.139365,바디케어,우르오스 스킨 워시 500ml,11930
2021-08-05 15:27:25.139365,바디케어,쿤달 허니 앤 마카다미아 퓨어 바디워시 베...,13900
2021-08-05 15:27:25.139365,바디케어,이솝 레버런스 아로마틱 핸드 워시 500ml,39200
2021-08-05 15:27:25.139365,바디케어,야다 선인장 바디워시 1000ml,19900
2021-08-05 15:27:25.139365,바디케어,쿤달 퓨어 앤 세이프 여성청결제 베르가못 ...,8500
2021-08-05 15:27:25.139365,바디케어,니베아 드라이 콤포트 스프레이 200ml,4880
2021-08-05 15:27:25.139365,바디케어,해피바스 정말 촉촉한 타입 바디 워시 900g,2310
2021-08-05 15:27:25.139365,바디케어,니베아 드라이 콤포트 롤온 50ml,3340
2021-08-05 15:27:25.139365,바디케어,강블리 제주 마유 에센셜 수딩 젤 300ml,1700
2021-08-05 15:27:25.139365,바디케어,랩신 V3 컬러체인징 핸드 워시 250ml,3100
2021-08-05 15:27:25.139365,바디케어,아로마티카 수딩 알로에 베라 젤 500ml,8120
2021-08-05 15:27:25.139365,바디케어,일리윤 세라마이드 아토 로션 350ml,5370
2021-08-05 15:27:25.139365,바디케어,이솝 레저렉션 아로마틱 핸드밤 75ml,21900
2021-08-05 15:27:25.139365,바디케어,세타필 모이스춰라이징 로션 591ml,9930
2021-08-05 15:27:25.139365,바디케어,아유아유 롤링 턴 톤업 드림 200ml,18440
2021-08-05 15:27:25.139365,바디케어,바이오가 모이스처 밸런싱 헤어 앤 바디클렌...,21500
2021-08-05 15:27:25.139365,바디케어,닥터브로너스 페퍼민트 퓨어 캐스틸 솝 950...,19990
2021-08-05 15:27:25.139365,바디케어,비오템 오 비타미네 바디 밀크 400ml,47820
2021-08-05 15:27:25.139365,바디케어,데이랑스 알로에 베라 100 수딩젤 300ml,1220
2021-08-05 15:27:25.139365,바디케어,LUSH 더티 바디 스프레이 200ml,29780
2021-08-05 15:27:25.139365,바디케어,쿤달 슈가 바디스크럽 베이비파우더향  550...,10900
2021-08-05 15:27:25.139365,바디케어,뉴트로지나 인텐스 리페어 시카 에멀젼 310...,9300
2021-08-05 15:27:25.139365,바디케어,해피바스 정말 순한 타입 바디 워시 900g(민...,2240
2021-08-05 15:27:25.139365,바디케어,세타필 모이스춰라이징 크림 550g,13830
2021-08-05 15:27:25.139365,바디케어,비욘드 딥 모이스처 샤워 크림 600ml,15740
2021-08-05 15:27:25.139365,바디케어,바세린 퓨어 스킨 젤리 오리지날 100ml,840
2021-08-05 15:27:25.139365,바디케어,록시땅 코쿤 드 세레니떼 릴랙싱 필로우 미...,22410
2021-08-05 15:27:25.139365,바디케어,닥터브로너스 베이비 언센티드 퓨어 캐스틸...,19700
2021-08-05 15:27:25.139365,바디케어,질경이 이너밸런스 여성 청결제 2.5g,9500
2021-08-05 15:27:25.139365,바디케어,일리윤 세라마이드 아토 집중 크림 200ml,5300
2021-08-05 15:27:25.139365,바디케어,닥터브로너스 티트리 퓨어 캐스틸 솝 950ml,20020
2021-08-05 15:27:25.139365,바디케어,바이오더마 아토덤 크림 500ml,10970
2021-08-05 15:27:25.139365,바디케어,랩신 V3 컬러체인징 핸드 워시 200ml(리필),1130
2021-08-05 15:27:25.139365,바디케어,일리윤 히알루론 모이스춰 수분크림 100ml,3950
2021-08-05 15:27:25.139365,바디케어,유리아쥬 진피 리프레싱 젤 500ml,14470
2021-08-05 15:27:25.139365,바디케어,피지오겔 데일리 모이스쳐 테라피 바디 로션...,22100
2021-08-05 15:27:25.139365,바디케어,라이온코리아 아이깨끗해 핸드워시 청포도 ...,1270
2021-08-05 15:27:25.139365,바디케어,해피바스 코지 코튼플라워 퍼퓸 바디워시 9...,3010
2021-08-05 15:27:25.139365,바디케어,모엔드 제모 하드 왁스 200g,8900
2021-08-05 15:27:25.139365,바디케어,도브 바디워시 센서티브 1L,3430
2021-08-05 15:27:25.139365,바디케어,아유아유 톤업 드림 320ml,21070
2021-08-05 15:27:25.139365,바디케어,해피바스 자몽 쿨링 바디 워시 900g,2700
2021-08-05 15:27:25.139365,바디케어,더바디샵 화이트 머스크 후레그런스 미스트...,14970
2021-08-05 15:27:25.139365,바디케어,엠디스픽 바리스타 핸드크림 250g,14990
2021-08-05 15:27:25.139365,바디케어,뉴스킨 바디바 리필팩 140g x 5개,39310
2021-08-05 15:27:25.139365,바디케어,카밀 핸드 앤 네일 클래식 크림 100ml,2080
2021-08-05 15:27:25.139365,바디케어,머큐리 지저쓰 슈가링 셀프왁싱 350g,13500
2021-08-05 15:27:25.139365,바디케어,더바디샵 모링가 샤워 젤 750ml,22430
2021-08-05 15:27:25.139365,바디케어,질경이 데일리 에코아 워시 골드 폼 150g,8420
2021-08-05 15:27:25.139365,바디케어,벨라랩 코스아더 와잇 허브 트리트 1.6ml,69000
2021-08-05 15:27:25.139365,바디케어,일리윤 세라마이드 아토 집중 크림 500ml,9820
2021-08-05 15:27:25.139365,바디케어,니베아 인텐시브 바디 로션 400ml,3890
2021-08-05 15:27:25.139365,바디케어,낫포유 클리어 바디 미스트 200ml,15860
2021-08-05 15:27:25.139365,바디케어,아로마티카 수딩 알로에 베라 젤 300ml,6920
2021-08-05 15:27:25.139365,바디케어,니베아 펄 앤 뷰티 스프레이 200ml,5540
2021-08-05 15:27:25.139365,바디케어,펨프레쉬 여성청결제 얼티메이트 케어 수딩...,8530
2021-08-05 15:27:25.139365,바디케어,일리윤 튼살 크림 200ml,12870
2021-08-05 15:27:25.139365,바디케어,메종드펜세 락토샷 여성청결제 10개입,40260
2021-08-05 15:27:25.139365,바디케어,밀크바오밥 세라 바디 워시 화이트 머스크 ...,10612
2021-08-05 15:27:25.139365,바디케어,베러맘 현명한 여성청결제 200ml,29800
2021-08-05 15:27:25.139365,바디케어,일리윤 프레쉬 모이스춰 바디워시 500ml,4700
2021-08-05 15:27:25.139365,바디케어,비욘드 딥 모이스처 바디 에멀전 450ml,17750
2021-08-05 15:27:25.139365,바디케어,바이오가 오일프리 헤어 앤 바디클렌저 100...,21500
2021-08-05 15:27:25.139365,바디케어,록시땅 버베나 샤워 젤 500ml,36000
2021-08-05 15:27:25.139365,바디케어,포맨트 포맨 올인원 퍼퓸 샤워 500ml,15490
2021-08-05 15:27:25.139365,바디케어,일리윤 세라마이드 아토 수딩 젤 175ml,6730
2021-08-05 15:27:25.139365,바디케어,니베아 엑스트라 화이트 스프레이 200ml,5360
2021-08-05 15:27:25.139365,바디케어,온더바디 더 내추럴 코코넛 바디워시 900g,2800
2021-08-05 15:27:25.139365,바디케어,닥터브로너스 라벤더 퓨어 캐스틸 솝 950ml,19700
2021-08-05 15:27:25.139365,바디케어,제이숲 딥그린제이 아로마 바디워시 일랑일...,13900
2021-08-05 15:27:25.139365,바디케어,록시땅 시어 드라이 스킨 핸드 크림 150ml,21900
2021-08-05 15:27:25.139365,바디케어,웰빙헬스 명품 고운발 크림 110g,4100
2021-08-05 15:27:25.139365,바디케어,닥터바이오 에코 올인원 클렌저 500ml,19300
2021-08-05 15:27:25.139365,바디케어,비오템 오비타미네 바디 미스트 100ml,37860
2021-08-05 15:27:25.139365,바디케어,바이오더마 아토덤 인텐시브 밤 500ml,14730
2021-08-05 15:27:25.139365,바디케어,더마비 데일리 모이스처 바디 로션 400ml,7240
2021-08-05 15:27:25.139365,바디케어,일리윤 프레쉬 모이스춰 바디로션 350ml,6480
2021-08-05 15:27:25.139365,바디케어,니베아 드라이 콤포트 스틱 40ml,3890
2021-08-05 15:27:25.139365,바디케어,랩신 V3 토탈 핸드 워시 250ml,1930
2021-08-05 15:27:25.139365,바디케어,뉴리스 손세정제 핸드워시 버블 핸드솝 500...,5900
2021-08-05 15:27:25.139365,바디케어,그루밍랩 남성용 에너제틱 프로 올인원 타우...,15400
2021-08-05 15:27:25.139365,바디케어,온더바디 발을 씻자 프레쉬 레몬 민트 코튼...,3800
2021-08-05 15:27:25.139365,바디케어,에이처드 싹스 제모 크림 100g,12900
2021-08-05 15:27:25.139365,바디케어,더페이스샵 보들보들 때 필링 300ml,4310
2021-08-05 15:27:25.139365,바디케어,니베아 데오드란트 쿨킥 스프레이 200ml,5370
2021-08-05 15:27:25.139365,바디케어,셀라피 에이리페어 크림 바디 워시 1000ml,10500
2021-08-05 15:27:25.139365,바디케어,록시땅 시어 버터 핸드 크림 30g,7450
2021-08-05 15:27:25.139365,바디케어,비욘드 토탈 리커버리 샤워 크림 450ml,11890
2021-08-05 15:27:25.139365,바디케어,니베아 펄 앤 뷰티 스틱 40ml,4070
2021-08-05 15:27:25.139365,바디케어,프리메라 후리 앤 후리 200ml,12980
2021-08-05 15:27:25.139365,바디케어,크리넥스 로션 솝 물비누 4L,8570
2021-08-05 15:27:25.139365,헤어케어,모나다 탈모완화 샴푸 300ml,31200
2021-08-05 15:27:25.139365,헤어케어,앙방 맥주효모 탈모증상 완화 샴푸 600ml,26900
2021-08-05 15:27:25.139365,헤어케어,쿤달 카페인 탈모완화 샴푸 베이비파우더 향...,11800
2021-08-05 15:27:25.139365,헤어케어,앙방 약산성 퍼퓸 샴푸 체리블라썸 550ml,19900
2021-08-05 15:27:25.139365,헤어케어,라온컴퍼니 케라틴 LPP 트리트먼트 1000ml,34200
2021-08-05 15:27:25.139365,헤어케어,앙방 쿨링 멘톨 쿨 두피케어 샴푸 600ml,21900
2021-08-05 15:27:25.139365,헤어케어,TS 골드플러스 티에스 샴푸 500g,8190
2021-08-05 15:27:25.139365,헤어케어,아모스 컬링 에센스 2X 150ml,6000
2021-08-05 15:27:25.139365,헤어케어,쿤달 허니 앤 마카다미아 네이처 샴푸 베이...,7480
2021-08-05 15:27:25.139365,헤어케어,"에퓨라 토탈 리페어 샴푸 500ml(지성, 민감...",25900
2021-08-05 15:27:25.139365,헤어케어,헤드앤숄더 쿨 멘솔 샴푸 850ml,5150
2021-08-05 15:27:25.139365,헤어케어,블라세아 아르간 오일 100ml,16000
2021-08-05 15:27:25.139365,헤어케어,블라세아 실크 컬링 헤어에센스 150ml,16000
2021-08-05 15:27:25.139365,헤어케어,헤드앤숄더 가려운 두피케어 샴푸 850ml,5200
2021-08-05 15:27:25.139365,헤어케어,알페신 카페인 샴푸 C1 250ml,6020
2021-08-05 15:27:25.139365,헤어케어,아모스 녹차실감 산뜻한 타입 지성 모발용 ...,13030
2021-08-05 15:27:25.139365,헤어케어,라보에이치 프로바이오틱스 탈모증상완화 두...,11730
2021-08-05 15:27:25.139365,헤어케어,안나플러스 천연 약산성 샴푸 500ml,34750
2021-08-05 15:27:25.139365,헤어케어,닥터포헤어 폴리젠 탈모 완화 샴푸 500ml,12940
2021-08-05 15:27:25.139365,헤어케어,반코르 맥주효모 탈모 완화 샴푸 500ml,26500
2021-08-05 15:27:25.139365,헤어케어,블라세아 크리닉 탈모 비듬 샴푸 500ml,37000
2021-08-05 15:27:25.139365,헤어케어,실크테라피 오리지널 에센스 150ml,8200
2021-08-05 15:27:25.139365,헤어케어,순수연구소 지성 비듬 어도러블 여인 탈모샴...,27900
2021-08-05 15:27:25.139365,헤어케어,헤드스파7 트리트먼트 더 프리미엄 210ml,7430
2021-08-05 15:27:25.139365,헤어케어,안나플러스 헤어 트리트먼트 에센스 250ml,17900
2021-08-05 15:27:25.139365,헤어케어,미쟝센 퍼펙트세럼 오리지널 80ml,4095
2021-08-05 15:27:25.139365,헤어케어,큐어실드 타이밍 샴푸 EP.04  500ml,9520
2021-08-05 15:27:25.139365,헤어케어,나인밀라 맥주효모 천연 탈모완화 샴푸 500...,21900
2021-08-05 15:27:25.139365,헤어케어,미쟝센 퍼펙트 세럼 샴푸 오리지널 680ml,2600
2021-08-05 15:27:25.139365,헤어케어,쿤달 안티 헤어 로스 앤 스칼프 케어 탈모토...,50000
2021-08-05 15:27:25.139365,헤어케어,순수연구소 천연 약산성 노니 두피케어 샴푸...,25000
2021-08-05 15:27:25.139365,헤어케어,헤드스파7 썬트리샴푸 300ml,9500
2021-08-05 15:27:25.139365,헤어케어,려 자양윤모 지성용 샴푸 400ml,4520
2021-08-05 15:27:25.139365,헤어케어,닥터그루트 힘없는 모발용 샴푸 400ml,14900
2021-08-05 15:27:25.139365,헤어케어,모로칸오일 오리지널 오일 트리트먼트 200m...,39770
2021-08-05 15:27:25.139365,헤어케어,박준 단백질 LPP 트리트먼트 1000ml,14000
2021-08-05 15:27:25.139365,헤어케어,미페마 시베리아허니 약산성 두피 케어 샴푸...,13800
2021-08-05 15:27:25.139365,헤어케어,리하 프리미엄 에그 화이트 헤어 팩 2개 세...,18900
2021-08-05 15:27:25.139365,헤어케어,엘라스틴 퍼퓸 러브미 샴푸 600ml,2790
2021-08-05 15:27:25.139365,헤어케어,스웨거 헤어 디펜더  탈모 샴푸 490ml,17000
2021-08-05 15:27:25.139365,헤어케어,아모스 프로페셔널 퓨어스마트 쿨 샴푸 500...,9300
2021-08-05 15:27:25.139365,헤어케어,뉴 프리미엄 TS 샴푸 500g,14320
2021-08-05 15:27:25.139365,헤어케어,강블리 제주 마유 컨디셔너 500ml,2800
2021-08-05 15:27:25.139365,헤어케어,헤드앤숄더 클리니컬 스트렝스 비듬 샴푸 4...,10200
2021-08-05 15:27:25.139365,헤어케어,아모스 퓨어스마트 샴푸 프레시 500g,10180
2021-08-05 15:27:25.139365,헤어케어,려 자양윤모 중건성 샴푸 400ml,3390
2021-08-05 15:27:25.139365,헤어케어,실키허그 홈케어 헤어트리트먼트 500ml,25840
2021-08-05 15:27:25.139365,헤어케어,LOMA 너리싱 샴푸 1000ml,37360
2021-08-05 15:27:25.139365,헤어케어,닥터포헤어 피토 테라피 두피샴푸 500ml,13640
2021-08-05 15:27:25.139365,헤어케어,알페신 카페인 리퀴드 200ml,9800
2021-08-05 15:27:25.139365,헤어케어,려 순한 저자극 더마 지성 샴푸 400ml,2170
2021-08-05 15:27:25.139365,헤어케어,TS 골드 플러스 샴푸 500g+100g,15190
2021-08-05 15:27:25.139365,헤어케어,닥터탑 피토스템 실크 피브로인 헤어필 190...,11690
2021-08-05 15:27:25.139365,헤어케어,알페신 카페인 샴푸 375ml,11750
2021-08-05 15:27:25.139365,헤어케어,쿤달 허니 앤 마카다미아 단백질 헤어 트리...,7490
2021-08-05 15:27:25.139365,헤어케어,댄트롤 쿨링 멘톨 탄산수 샴푸 820ml,2590
2021-08-05 15:27:25.139365,헤어케어,미페마 시베리아허니 극손상 헤어 트리트먼...,13800
2021-08-05 15:27:25.139365,헤어케어,청미정 EM 발효 다시마 천연샴푸 500ml,28500
2021-08-05 15:27:25.139365,헤어케어,닥터포헤어 폴리젠 플러스 샴푸 500ml x 2개...,27900
2021-08-05 15:27:25.139365,헤어케어,헤드스파7 트리트먼트 200ml,6970
2021-08-05 15:27:25.139365,헤어케어,쏘미미 물미역 복구 헤어 팩 500ml,19700
2021-08-05 15:27:25.139365,헤어케어,박준 블루라벨 아르간 트리트먼트 1150ml,10500
2021-08-05 15:27:25.139365,헤어케어,미쟝센 컬링 에센스 2X 컬 150ml,2370
2021-08-05 15:27:25.139365,헤어케어,댄트롤 딥 클린 박하 솔트 샴푸 820ml,2770
2021-08-05 15:27:25.139365,헤어케어,헤드앤숄더 딥 클린 샴푸 850ml,5350
2021-08-05 15:27:25.139365,헤어케어,아모스 데미지 리페어포스 키토트리트먼트 ...,29120
2021-08-05 15:27:25.139365,헤어케어,아모스 칼라 앤 펌 샴푸 1000g,11160
2021-08-05 15:27:25.139365,헤어케어,올뉴 플러스 TS 샴푸 500ml,13470
2021-08-05 15:27:25.139365,헤어케어,줄라이미 콜드부스터 200ml,16400
2021-08-05 15:27:25.139365,헤어케어,르네휘테르 포티샤 에네자이징 샴푸 600ml,33950
2021-08-05 15:27:25.139365,헤어케어,닥터포헤어 스칼프 리프레싱 두피열 쿨링 스...,10790
2021-08-05 15:27:25.139365,헤어케어,미쟝센 퍼펙트 세럼 데일리 트리트먼트 100...,6150
2021-08-05 15:27:25.139365,헤어케어,보타믹스 포레스트 그로우 인텐시브 샴푸 5...,16860
2021-08-05 15:27:25.139365,헤어케어,아모스 녹차실감 샴푸 촉촉한타입 500g,13310
2021-08-05 15:27:25.139365,헤어케어,려 자양윤모 탈모증상케어 비듬 샴푸 400ml,3450
2021-08-05 15:27:25.139365,헤어케어,리바이탈래쉬 헤어 영양제 볼륨 인핸싱 폼 ...,138000
2021-08-05 15:27:25.139365,헤어케어,헤어플러스 단백질 본드 앰플 145ml,8890
2021-08-05 15:27:25.139365,헤어케어,로레알파리 엑스트라 오디네리 오일 리치 1...,8690
2021-08-05 15:27:25.139365,헤어케어,헤어플러스 컬러 본드 보색 샴푸 300ml,13140
2021-08-05 15:27:25.139365,헤어케어,에이처드 샴푸 500ml,24800
2021-08-05 15:27:25.139365,헤어케어,실크테라피 인리치드 액션 150ml,5270
2021-08-05 15:27:25.139365,헤어케어,닥터그루트 마이크로바이옴 캡슐 샴푸 400m...,23960
2021-08-05 15:27:25.139365,헤어케어,부케가르니 히말라야 허브 나드 샴푸 1000m...,8850
2021-08-05 15:27:25.139365,헤어케어,도브 인텐스 리페어 샴푸 680ml,3090
2021-08-05 15:27:25.139365,헤어케어,더바디샵 진저 스켈프 케어 샴푸 400ml,13320
2021-08-05 15:27:25.139365,헤어케어,밀크바오밥 세라 샴푸 화이트 머스크 1200m...,9481
2021-08-05 15:27:25.139365,헤어케어,려 자양윤모 모근강화 중지성 트리트먼트 2...,2400
2021-08-05 15:27:25.139365,헤어케어,닥터그루트 탈모완화 두피쿨링 샴푸 400ml,14300
2021-08-05 15:27:25.139365,헤어케어,케라시스 샤이닝 데미지 케어 샴푸 4000ml,10740
2021-08-05 15:27:25.139365,헤어케어,테라픽 프리미엄 토탈 헤어토닉 160ml,12770
2021-08-05 15:27:25.139365,헤어케어,닥터포헤어 폴리젠 플러스 샴푸 500mlx3+10...,43900
2021-08-05 15:27:25.139365,헤어케어,케라시스 프로폴리스 에너지 플러스 샴푸 1...,4920
2021-08-05 15:27:25.139365,헤어케어,청미정 헤어 두피에센스 80ml,29500
2021-08-05 15:27:25.139365,헤어케어,미쟝센 퍼펙트 세럼 트리트먼트 180ml,1880
2021-08-05 15:27:25.139365,헤어케어,닥터방기원 랩 탈모완화 샴푸 1000ml,8900
2021-08-05 15:27:25.139365,헤어케어,프레시팝 두피 클렌징 모히또 샴푸 500ml,3420
2021-08-05 15:27:25.139365,헤어케어,플라스크 케라틴 크림 180ml,4530
2021-08-05 15:27:25.139365,헤어케어,닥터그루트 지성두피용 샴푸 400ml,13380
2021-08-05 15:27:25.139365,헤어케어,실크테라피 클래식 에디션 에센스 150ml,8700
2021-08-05 15:27:25.139365,헤어케어,비욘드 프로페셔널 디펜스 샴푸 600ml,17480
2021-08-05 15:27:25.139365,헤어스타일링,미쟝센 헬로 버블 컬러 90g,4090
2021-08-05 15:27:25.139365,헤어스타일링,미쟝센 쉽고빠른 거품 염색약 80g,4150
2021-08-05 15:27:25.139365,헤어스타일링,셀레뷰 헤어 커버 7g,5000
2021-08-05 15:27:25.139365,헤어스타일링,리엔 흑모비책 한방 크림 염색 120g,2200
2021-08-05 15:27:25.139365,헤어스타일링,미쟝센 샤이닝 에센스 헤어컬러 100g,2660
2021-08-05 15:27:25.139365,헤어스타일링,하라즈 샴푸형 앰플 염색제 27g,2000
2021-08-05 15:27:25.139365,헤어스타일링,려 우아채 멋내기 새치 크림 120g,3100
2021-08-05 15:27:25.139365,헤어스타일링,로레알프로페셔널 에르네뜨 헤어 스프레이 ...,8640
2021-08-05 15:27:25.139365,헤어스타일링,웰라프로페셔널 콜레스톤 퍼펙트 80g,1000
2021-08-05 15:27:25.139365,헤어스타일링,안토시아닌 헤어 매니큐어 230g,1800
2021-08-05 15:27:25.139365,헤어스타일링,웰라프로페셔널 앱솔루트 셋 아이미 피니싱...,18900
2021-08-05 15:27:25.139365,헤어스타일링,밀본 니제르 드레시아 젤리 90ml,10890
2021-08-05 15:27:25.139365,헤어스타일링,TS 착한 염색 120g,7010
2021-08-05 15:27:25.139365,헤어스타일링,엘라스틴 샴푸하듯 간편 염색 60g,2470
2021-08-05 15:27:25.139365,헤어스타일링,마몽드 팡팡 헤어 섀도우 3.5g,5430
2021-08-05 15:27:25.139365,헤어스타일링,밀본 올디브 보떼 새치염색약  80g,4910
2021-08-05 15:27:25.139365,헤어스타일링,미쟝센 헬로크림 염색약 125g,4560
2021-08-05 15:27:25.139365,헤어스타일링,려 자양윤모 새치커버 한방염색약 120g,3220
2021-08-05 15:27:25.139365,헤어스타일링,미쟝센 퍼펙트 컬러 염색약 100g,3700
2021-08-05 15:27:25.139365,헤어스타일링,슈돌츠 퍼펙트 세팅 헤어 스프레이 200ml,9900
2021-08-05 15:27:25.139365,헤어스타일링,미쟝센 쉽고 빠른 크림 염색약 40g,5750
2021-08-05 15:27:25.139365,헤어스타일링,보스티나 컬러시스템 110ml,3000
2021-08-05 15:27:25.139365,헤어스타일링,로레알파리 엑셀랑스 듀오 크림 96g,7950
2021-08-05 15:27:25.139365,헤어스타일링,웰라프로페셔널 아이미 앱솔루트셋 헤어스프...,19800
2021-08-05 15:27:25.139365,헤어스타일링,로레알파리 엑셀랑스 크림 120ml,7040
2021-08-05 15:27:25.139365,헤어스타일링,LALACHUU 헤어 쿠션 15g,7900
2021-08-05 15:27:25.139365,헤어스타일링,폴미첼 프리즈 앤 샤인 슈퍼 스프레이 250m...,13230
2021-08-05 15:27:25.139365,헤어스타일링,리엔 흑모비책 골드 염색약 90g,2360
2021-08-05 15:27:25.139365,헤어스타일링,씨드비 프리미엄 물염색 30g,7490
2021-08-05 15:27:25.139365,헤어스타일링,데미 어솔트 아리아 C 염색약,5970
2021-08-05 15:27:25.139365,헤어스타일링,로레알프로페셔널 마지렐 앱솔루트 50ml,6390
2021-08-05 15:27:25.139365,헤어스타일링,갸스비 슈퍼 하드 셋 앤 킵 스프레이 263ml,5090
2021-08-05 15:27:25.139365,헤어스타일링,리프리스크 새치 커버 8.5g,18900
2021-08-05 15:27:25.139365,헤어스타일링,그라펜 해수 포마드 왁스 100g,6900
2021-08-05 15:27:25.139365,헤어스타일링,슈돌츠 매트 프리즈 왁스 80g,8900
2021-08-05 15:27:25.139365,헤어스타일링,이지엔 쉐이킹 푸딩 헤어 컬러 140ml,6210
2021-08-05 15:27:25.139365,헤어스타일링,슈돌츠 셀프 다운펌 100ml,8800
2021-08-05 15:27:25.139365,헤어스타일링,자연이랑 컬러 트리트먼트 60ml,3270
2021-08-05 15:27:25.139365,헤어스타일링,미쟝센 스타일케어 헤어 스프레이 화이트 플...,2220
2021-08-05 15:27:25.139365,헤어스타일링,제니하우스 살롱코드 글램 헤어컬러 140g,5810
2021-08-05 15:27:25.139365,헤어스타일링,박준 프로페셔널 헤어 살롱 새치커버 컬러 ...,13410
2021-08-05 15:27:25.139365,헤어스타일링,폴미첼 프리즈 앤 샤인 수퍼 스프레이 500m...,17890
2021-08-05 15:27:25.139365,헤어스타일링,드봉 데뷰 센스 헤어 스프레이 300ml,1920
2021-08-05 15:27:25.139365,헤어스타일링,뉴리스 셀프염색약 톤다운 새치 염색약 100...,6900
2021-08-05 15:27:25.139365,헤어스타일링,과일나라 컨퓸 슈퍼하드 워터 스프레이 252...,2710
2021-08-05 15:27:25.139365,헤어스타일링,슈돌츠 오리지날 골드 포마드 100g,11900
2021-08-05 15:27:25.139365,헤어스타일링,다리야 살롱드프로 무향료 헤어 컬러 80g,6390
2021-08-05 15:27:25.139365,헤어스타일링,아리미노 피스 프리즈킵 헤어 스프레이 200...,20840
2021-08-05 15:27:25.139365,헤어스타일링,밀본 니제르 홀드핏 베일 180g,7600
2021-08-05 15:27:25.139365,헤어스타일링,려 우아채 새치 마스카라 12ml,3880
2021-08-05 15:27:25.139365,헤어스타일링,밀본 염색약 올디브 80g,5120
2021-08-05 15:27:25.139365,헤어스타일링,로레알파리 매직 리터치 75ml,7490
2021-08-05 15:27:25.139365,헤어스타일링,순수 더 살롱 컬러 아트 컬렉션 140ml,5410
2021-08-05 15:27:25.139365,헤어스타일링,밀본 올디브 크리스탈 80g,2000
2021-08-05 15:27:25.139365,헤어스타일링,시세이도 프리미언스 엔리치 새치커버 80g,8460
2021-08-05 15:27:25.139365,헤어스타일링,퀸즈헤나 천연 염색약 100g,13900
2021-08-05 15:27:25.139365,헤어스타일링,미쟝센 파워 스윙 슈퍼 스트롱 스프레이 9 ...,2490
2021-08-05 15:27:25.139365,헤어스타일링,파이모아 임페리얼 헤어 컬러 염색 90g,3000
2021-08-05 15:27:25.139365,헤어스타일링,제이숲 레드제이 힐링픽서 200ml,11150
2021-08-05 15:27:25.139365,헤어스타일링,려 헤어쿠션 7g,6300
2021-08-05 15:27:25.139365,헤어스타일링,새한 체리 미라클 피니쉬 수퍼하드 스프레이...,2310
2021-08-05 15:27:25.139365,헤어스타일링,에뛰드 투톤 트리트먼트 헤어 컬러 150ml,3350
2021-08-05 15:27:25.139365,헤어스타일링,사이오스 올레오 골드라벨 새치커버 염색약...,6800
2021-08-05 15:27:25.139365,헤어스타일링,데미 우에보 디자인 큐브 드라이 왁스 80g,7940
2021-08-05 15:27:25.139365,헤어스타일링,비겐크림톤 염모제 60g,6800
2021-08-05 15:27:25.139365,헤어스타일링,꽃을든남자 크리닉 칼라 염색약 120g,2330
2021-08-05 15:27:25.139365,헤어스타일링,헤드스파7 블루밍 매직 헤어 스타일러 150m...,13960
2021-08-05 15:27:25.139365,헤어스타일링,폴미첼 프리즈 앤 샤인 슈퍼 스프레이 1000...,25830
2021-08-05 15:27:25.139365,헤어스타일링,밀본 올디브 어딕시 80g,5200
2021-08-05 15:27:25.139365,헤어스타일링,제니하우스코스메틱 살롱코드 일루미네이션...,5540
2021-08-05 15:27:25.139365,헤어스타일링,에네스티 아로마 헤어 컬러 크림 120g,3910
2021-08-05 15:27:25.139365,헤어스타일링,갸스비 스타일링 왁스 울트라 하드 80g,4340
2021-08-05 15:27:25.139365,헤어스타일링,헤나킹 천연헤나 염색약 100g,11170
2021-08-05 15:27:25.139365,헤어스타일링,갸스비 무빙러버 스파이키 엣지 80g,5780
2021-08-05 15:27:25.139365,헤어스타일링,다슈 데일리 볼륨 업 컬크림 150ml,8460
2021-08-05 15:27:25.139365,헤어스타일링,아모스 칼라제닉 트루싱크 S 80ml,5470
2021-08-05 15:27:25.139365,헤어스타일링,아모스 락킹 스프레이 300ml,5700
2021-08-05 15:27:25.139365,헤어스타일링,미쟝센 파워스윙 크림 왁스7 80g,3290
2021-08-05 15:27:25.139365,헤어스타일링,다슈 프리미엄 메가 홀드 슈퍼 스프레이 25...,6750
2021-08-05 15:27:25.139365,헤어스타일링,키라니아 네추라 엑스퍼트 염색 30g,1360
2021-08-05 15:27:25.139365,헤어스타일링,미쟝센 텍스쳐 이블 락킹 워터 스프레이 20...,3240
2021-08-05 15:27:25.139365,헤어스타일링,롬복 헤나 트리트먼트 컬러 크림 1000g,4090
2021-08-05 15:27:25.139365,헤어스타일링,순수 더살롱컬러 염색제 140ml,6180
2021-08-05 15:27:25.139365,헤어스타일링,미쟝센 스타일케어 헤어 스프레이 프레쉬 플...,2310
2021-08-05 15:27:25.139365,헤어스타일링,다슈 포 맨 울트라 홀딩 파워 왁스 100ml,6150
2021-08-05 15:27:25.139365,헤어스타일링,뷰티원 스퀴드 잉크 오징어 먹물 컬러 1000...,5340
2021-08-05 15:27:25.139365,헤어스타일링,엘라스틴 살롱드컬러 100g,2970
2021-08-05 15:27:25.139365,헤어스타일링,사이오스 프로페셔널 염색약 100g,4280
2021-08-05 15:27:25.139365,헤어스타일링,미쟝센 파워스윙 슈퍼하드 크림 왁스 9 미디...,3900
2021-08-05 15:27:25.139365,헤어스타일링,차홍 픽스 볼륨 스프레이 150ml,13350
2021-08-05 15:27:25.139365,헤어스타일링,라피타 타투 헤어틴트 10ml,17910
2021-08-05 15:27:25.139365,헤어스타일링,볼륨바이태양 헤어 볼류머 200ml,7300
2021-08-05 15:27:25.139365,헤어스타일링,로레알프로페셔널 뉴앙셀 보태닉 헤어 메니...,9790
2021-08-05 15:27:25.139365,헤어스타일링,아모스 칼라루시드 헤어 메니큐어 염색약 2...,11100
2021-08-05 15:27:25.139365,헤어스타일링,우신화장품 파워 셀렉터 산화제 9% 1000ml,3400
2021-08-05 15:27:25.139365,헤어스타일링,과일나라 후르츠 왁스 헤어 세팅 스프레이 ...,1760
2021-08-05 15:27:25.139365,헤어스타일링,다슈 데일리 웨트 헤어 컬 크림 150ml,10480
2021-08-05 15:27:25.139365,헤어스타일링,쥬시꾸뛰르 꾸띄르헤어 프로페셔널 투인원 ...,9760
2021-08-05 15:27:25.139365,헤어스타일링,아모스 락킹 피니셔 200ml,5740
2021-08-05 15:27:25.139365,헤어스타일링,루시도엘 헤어스프레이 슈퍼하드 293ml,4080
2021-08-05 15:27:25.139365,네일케어,데싱디바 매직프레스 페디큐어,4900
2021-08-05 15:27:25.139365,네일케어,더젤 프리미엄 젤네일 10ml,4800
2021-08-05 15:27:25.139365,네일케어,루이앤레이 카리스젠 썬체인지 네일 컬러 8...,8900
2021-08-05 15:27:25.139365,네일케어,아리따움 모디 컬러 네일즈 6ml,1250
2021-08-05 15:27:25.139365,네일케어,어니우니 젤 네일스티커 붙이는 네일패치,290
2021-08-05 15:27:25.139365,네일케어,그라시아 지젤리 베이스젤 14ml,9900
2021-08-05 15:27:25.139365,네일케어,데싱디바 매직프레스 빅스톤 매니큐어,4880
2021-08-05 15:27:25.139365,네일케어,손톱영양제 큐티클 오일 펜,770
2021-08-05 15:27:25.139365,네일케어,위드샨 60초 네일라커 9ml,3480
2021-08-05 15:27:25.139365,네일케어,마이크로셀 네일 바이탈 그린 12ml,18500
2021-08-05 15:27:25.139365,네일케어,젤라또팩토리 띠부띠부팁 패디,4800
2021-08-05 15:27:25.139365,네일케어,잇템샵 뷰티 패디큐어 패디팁,1500
2021-08-05 15:27:25.139365,네일케어,OPI 네일 락커 15ml,6500
2021-08-05 15:27:25.139365,네일케어,핑션 페디아 네일 프리 트리트먼트 50ml,17460
2021-08-05 15:27:25.139365,네일케어,베씨 젤 네일 12g,7790
2021-08-05 15:27:25.139365,네일케어,에뛰드 플레이 네일 펄 앤 글리터 8ml,1610
2021-08-05 15:27:25.139365,네일케어,젤라또팩토리 하또하또 패디 핏,4950
2021-08-05 15:27:25.139365,네일케어,웨이크메이크 네일건 2021 썸머 시즌 컬러 ...,2270
2021-08-05 15:27:25.139365,네일케어,데싱디바 글레이즈 젤 페디,10880
2021-08-05 15:27:25.139365,네일케어,유키 쏙 오프 빌더 클리어 젤 5g,3500
2021-08-05 15:27:25.139365,네일케어,이니스프리 리얼 컬러 네일 6ml,2070
2021-08-05 15:27:25.139365,네일케어,아이빛 베러톤 컬러 젤 10ml,5900
2021-08-05 15:27:25.139365,네일케어,오페라 젤 폴리쉬,5000
2021-08-05 15:27:25.139365,네일케어,OPI 네일 엔비 15ml,25000
2021-08-05 15:27:25.139365,네일케어,아리따움 코스넬 젤네일 5ml,1260
2021-08-05 15:27:25.139365,네일케어,에뛰드 플레이 네일 8ml,1000
2021-08-05 15:27:25.139365,네일케어,젤라또팩토리 띠부띠부팁 패디 프리미엄,5800
2021-08-05 15:27:25.139365,네일케어,디어러스 원스텝 젤 5ml,2900
2021-08-05 15:27:25.139365,네일케어,코나드 레귤러 네일 폴리쉬 10ml,660
2021-08-05 15:27:25.139365,네일케어,아이빛 베러톤 매니큐어 10ml,1100
2021-08-05 15:27:25.139365,네일케어,OPI 인피니트 샤인 15ml,7990
2021-08-05 15:27:25.139365,네일케어,MISSHA 데싱디바 글로스 젤 네일 스트립,4600
2021-08-05 15:27:25.139365,네일케어,반디 네일큐어 다이아 포스 14ml,22800
2021-08-05 15:27:25.139365,네일케어,젤라또팩토리 하또하또핏 네일,4440
2021-08-05 15:27:25.139365,네일케어,뿌꾸 컬러 젤 5g,2500
2021-08-05 15:27:25.139365,네일케어,플리다 미라클리케어 손톱영양제 앤 발톱강...,8910
2021-08-05 15:27:25.139365,네일케어,지오닉스 네일 락커 17ml,3980
2021-08-05 15:27:25.139365,네일케어,에뛰드 마일드 일반손톱용 네일 리무버 100...,860
2021-08-05 15:27:25.139365,네일케어,요피클리어 손톱 영양제 13ml,29000
2021-08-05 15:27:25.139365,네일케어,유키 매트 탑 젤 5g,3300
2021-08-05 15:27:25.139365,네일케어,컬러랩 젤 드라이 10ml,4890
2021-08-05 15:27:25.139365,네일케어,젤로젤로 프리미엄 젤 폴리쉬 10ml,9800
2021-08-05 15:27:25.139365,네일케어,더페이스샵 이지 젤 10ml,3490
2021-08-05 15:27:25.139365,네일케어,MISSHA 매직프레스 슬림핏 페디큐어,6150
2021-08-05 15:27:25.139365,네일케어,닥터아이티엔 티니아네일,37890
2021-08-05 15:27:25.139365,네일케어,데싱디바 매직 젤 스트립 페디,5190
2021-08-05 15:27:25.139365,네일케어,잇템샵 유리 네일 스티커,1440
2021-08-05 15:27:25.139365,네일케어,데싱디바 매직프레스 크루즈 컬렉션 패디큐...,6200
2021-08-05 15:27:25.139365,네일케어,아리따움 모디 네일 글램 10g,1750
2021-08-05 15:27:25.139365,네일케어,위드샨 미러 이펙트 15ml,7360
2021-08-05 15:27:25.139365,네일케어,더샘 네일 웨어 7ml,2600
2021-08-05 15:27:25.139365,네일케어,아리따움 모디 글램 네일즈 9ml,1750
2021-08-05 15:27:25.139365,네일케어,티타니아 보습강화 손발톱 영양제 10ml,8170
2021-08-05 15:27:25.139365,네일케어,뷰젤 오빠 탑젤 10ml,11580
2021-08-05 15:27:25.139365,네일케어,버츠비 레몬 버터 큐티클 크림 17g,6750
2021-08-05 15:27:25.139365,네일케어,데싱디바 매직프레스 네일 슈퍼슬림핏 매니...,7400
2021-08-05 15:27:25.139365,네일케어,이니스프리 네일 큐티클 오일 7.5ml,4500
2021-08-05 15:27:25.139365,네일케어,데싱디바 매직프레스 네일 글램무브 컬렉션,5890
2021-08-05 15:27:25.139365,네일케어,오를리 네일 컬러 5.3ml,4690
2021-08-05 15:27:25.139365,네일케어,에뛰드 매직프레스 젤 네일 팁,5620
2021-08-05 15:27:25.139365,네일케어,알렉산드로 망고 네일 세럼 14ml,33360
2021-08-05 15:27:25.139365,네일케어,코나드 컬러 젤 폴리쉬 10ml,5690
2021-08-05 15:27:25.139365,네일케어,데싱디바 빅플레져 컬렉션 글로스 젤스트립...,4880
2021-08-05 15:27:25.139365,네일케어,뷰젤 나홀로 드롭 글리터젤 10ml,14960
2021-08-05 15:27:25.139365,네일케어,마이크로셀 캐비어 네일 세럼 9ml,25000
2021-08-05 15:27:25.139365,네일케어,키네틱스 나노샤크 손톱 영양제 15ml,16690
2021-08-05 15:27:25.139365,네일케어,젤로젤로 필 오프 베이스 젤 10ml,12000
2021-08-05 15:27:25.139365,네일케어,에뛰드 플레이 롱샤인 네일 10 ml,2140
2021-08-05 15:27:25.139365,네일케어,샤넬 르 베르니 13ml,35990
2021-08-05 15:27:25.139365,네일케어,도나와 스마트 큐티클 네일 니퍼,16830
2021-08-05 15:27:25.139365,네일케어,OPI 프로 스파 큐티클 오일 투 고 7.5ml,16000
2021-08-05 15:27:25.139365,네일케어,반디 네일큐어 블루 세럼 17ml,27500
2021-08-05 15:27:25.139365,네일케어,MISSHA 셀프 네일 살롱 리무버 아세톤프리 ...,3050
2021-08-05 15:27:25.139365,네일케어,데싱디바 매직프레스 헬로스위티 컬렉션 페...,6140
2021-08-05 15:27:25.139365,네일케어,OPI 아보플렉스 네일 앤 큐티클 리플레니싱...,18250
2021-08-05 15:27:25.139365,네일케어,과일나라 본체청정 연 네일 에나멜 리무버 ...,130
2021-08-05 15:27:25.139365,네일케어,다이아미 필소굿 베이스 앤 클리어 젤 14ml,28800
2021-08-05 15:27:25.139365,네일케어,네이처카인드 리페어 네일 세럼 15ml,16190
2021-08-05 15:27:25.139365,네일케어,유키 베이스 젤 5g,3300
2021-08-05 15:27:25.139365,네일케어,위드샨 스트리퍼 15ml,5630
2021-08-05 15:27:25.139365,네일케어,아리따움 모디 젤 네일 디자인 팁,6590
2021-08-05 15:27:25.139365,네일케어,티아라 클리어 픽스 젤 25g,23740
2021-08-05 15:27:25.139365,네일케어,더페이스샵 스타일 네일 7ml,2010
2021-08-05 15:27:25.139365,네일케어,아리따움 모디 탑코트 10g,1750
2021-08-05 15:27:25.139365,네일케어,아리따움 모디 네일 컬러젤 9g,2500
2021-08-05 15:27:25.139365,네일케어,이니스프리 매직프레스 페디큐어,6190
2021-08-05 15:27:25.139365,네일케어,코와 닥터네일 딥 세럼 3.3ml,22000
2021-08-05 15:27:25.139365,네일케어,델리뷰티 젤 네일 시럽 10ml,5900
2021-08-05 15:27:25.139365,네일케어,에뛰드 매직프레스 페디큐어,5310
2021-08-05 15:27:25.139365,네일케어,위드샨 60초 베이스코트 15ml,2990
2021-08-05 15:27:25.139365,네일케어,네일스네일 페디 젤 스티커,6900
2021-08-05 15:27:25.139365,네일케어,제니퍼 네꼬 쥬니어 네일 니퍼,9990
2021-08-05 15:27:25.139365,네일케어,데싱디바 매직프레스 톤업 네일,3000
2021-08-05 15:27:25.139365,네일케어,울트라 리무버 논 아세톤 150ml,12100
2021-08-05 15:27:25.139365,네일케어,젤라또팩토리 하또하또핏 프로 네일,4900
2021-08-05 15:27:25.139365,네일케어,반디 네일큐어 핑크다이아 세럼물 8ml,17900
2021-08-05 15:27:25.139365,네일케어,모스티브 젤 폴리쉬 12ml,7980
2021-08-05 15:27:25.139365,네일케어,그라시아 티아라 다이아 빌더젤 11ml,11870
2021-08-05 15:27:25.139365,네일케어,데싱디바 슈퍼슬림핏 스와로브스키 크리스탈...,8660
2021-08-05 15:27:25.139365,네일케어,수니네일 젤 네일 5ml,4860
2021-08-05 15:27:25.139365,뷰티소품,아베다 우든 패들 브러쉬,8810
2021-08-05 15:27:25.139365,뷰티소품,인스턴트타투 타투 스티커,1090
2021-08-05 15:27:25.139365,뷰티소품,뿌리 볼륨 집게 3개 세트,790
2021-08-05 15:27:25.139365,뷰티소품,탱글엔젤 프로 헤어 브러쉬,14500
2021-08-05 15:27:25.139365,뷰티소품,탱글엔젤 오리지널 헤어 브러쉬,11500
2021-08-05 15:27:25.139365,뷰티소품,아로망 FM괄사 도구 얼굴붓기 라인 부종 리...,69800
2021-08-05 15:27:25.139365,뷰티소품,탱글엔젤 2.0 체럽 헤어 브러쉬,8860
2021-08-05 15:27:25.139365,뷰티소품,MISSHA 소프트 5겹 화장솜,1610
2021-08-05 15:27:25.139365,뷰티소품,에뛰드 몬스터 클렌징 코튼 408매,1700
2021-08-05 15:27:25.139365,뷰티소품,피카소 파운데이션 브러쉬 FB17,23460
2021-08-05 15:27:25.139365,뷰티소품,슈돌츠 두피 마사지 샴푸 브러쉬,6900
2021-08-05 15:27:25.139365,뷰티소품,아리따움 아이돌 래쉬 프리미엄,4080
2021-08-05 15:27:25.139365,뷰티소품,토니모리 메이크업 브러쉬 세트,5000
2021-08-05 15:27:25.139365,뷰티소품,피카소 108 블러셔,27200
2021-08-05 15:27:25.139365,뷰티소품,스와니코코 저자극 모공 브러쉬,8420
2021-08-05 15:27:25.139365,뷰티소품,원씽 병풀 추출물 병풀 원액 150ml,6590
2021-08-05 15:27:25.139365,뷰티소품,피카소 아이미 속눈썹,3460
2021-08-05 15:27:25.139365,뷰티소품,에크멀 이지 브러쉬 에이에이 포인트 아이 ...,9900
2021-08-05 15:27:25.139365,뷰티소품,피카소 아이미 속눈썹 10개 세트,23890
2021-08-05 15:27:25.139365,뷰티소품,KUMO 미니 핑거팁 브러쉬,18300
2021-08-05 15:27:25.139365,뷰티소품,라네즈 아이래시 컬러 16,9360
2021-08-05 15:27:25.139365,뷰티소품,메종드라엘 트윙클 펌 일반용,12160
2021-08-05 15:27:25.139365,뷰티소품,피카소꼴레지오니 207A 아이섀도우 브러시,14730
2021-08-05 15:27:25.139365,뷰티소품,더툴랩 101 멀티 태스커 파운데이션 브러쉬,27000
2021-08-05 15:27:25.139365,뷰티소품,아리따움 5겹 코튼 화장솜,2080
2021-08-05 15:27:25.139365,뷰티소품,아리따움 눋눋 파우더 브러시,4990
2021-08-05 15:27:25.139365,뷰티소품,MISSHA 코튼 화장솜 80매,570
2021-08-05 15:27:25.139365,뷰티소품,래쉬톡 원터치 속눈썹,4570
2021-08-05 15:27:25.139365,뷰티소품,리얼테크닉스 미라클 컴플렉션 스펀지 4개 ...,10300
2021-08-05 15:27:25.139365,뷰티소품,피카소 163 파운데이션 브러쉬,14000
2021-08-05 15:27:25.139365,뷰티소품,메이크업포에버 파운데이션 브러쉬 미디엄 ...,31000
2021-08-05 15:27:25.139365,뷰티소품,클리오 하이드로 메이크업 스펀지,9000
2021-08-05 15:27:25.139365,뷰티소품,맥 184 듀오 파이버 팬 브러시,29060
2021-08-05 15:27:25.139365,뷰티소품,홀리미코 쌍꺼풀 아이리드 레이스,7970
2021-08-05 15:27:25.139365,뷰티소품,인스턴트타투 데이 드림 타투 스티커,9900
2021-08-05 15:27:25.139365,뷰티소품,에스쁘아 스키니 픽스 블렌더,4200
2021-08-05 15:27:25.139365,뷰티소품,시세이도 뷰러 고무 리필 2매 x 3개 세트,4070
2021-08-05 15:27:25.139365,뷰티소품,레츠큐어 시스터 비타민C 파우더 15g,13150
2021-08-05 15:27:25.139365,뷰티소품,에뛰드 실키 퍼프 화장솜 80매,1180
2021-08-05 15:27:25.139365,뷰티소품,에크멀 이지 브러쉬 에이에이 파인 아이 01,9900
2021-08-05 15:27:25.139365,뷰티소품,탱글엔젤 프로 컴팩트 헤어 브러쉬,15200
2021-08-05 15:27:25.139365,뷰티소품,페이스 라인 필름 100매,3990
2021-08-05 15:27:25.139365,뷰티소품,피카소 777 아이섀도우,12720
2021-08-05 15:27:25.139365,뷰티소품,메이크업포에버 프리시젼 파우더 브러쉬 12...,58900
2021-08-05 15:27:25.139365,뷰티소품,메이크온 마그네타이트 15,44590
2021-08-05 15:27:25.139365,뷰티소품,래쉬톡 속눈썹 시즌2,3000
2021-08-05 15:27:25.139365,뷰티소품,헤라 파운데이션 브러쉬,23260
2021-08-05 15:27:25.139365,뷰티소품,아이유 가닥 속눈썹,4790
2021-08-05 15:27:25.139365,뷰티소품,피카소 224 아이섀도우,24560
2021-08-05 15:27:25.139365,뷰티소품,어헤즈 엘 히든 브러쉬,4700
2021-08-05 15:27:25.139365,뷰티소품,에뛰드 마이뷰티툴 버블 메이커,1300
2021-08-05 15:27:25.139365,뷰티소품,필리밀리 미니 메이크업 브러시 5종 세트,19900
2021-08-05 15:27:25.139365,뷰티소품,아던샵 속눈썹 펌제 10개 세트,14900
2021-08-05 15:27:25.139365,뷰티소품,피카소 131 파운데이션,29900
2021-08-05 15:27:25.139365,뷰티소품,피카소 포니 14 미니 하이라이터,34530
2021-08-05 15:27:25.139365,뷰티소품,맥 191 스퀘어 파운데이션 브러시,35710
2021-08-05 15:27:25.139365,뷰티소품,해서린 퍼펙트 오일 컨트롤 페이퍼 70매 x ...,9600
2021-08-05 15:27:25.139365,뷰티소품,더툴랩 231 풀 커버리지 컨실러 브러쉬,22000
2021-08-05 15:27:25.139365,뷰티소품,에뛰드 그림자 쉐딩 브러쉬 02 코 브러쉬,5600
2021-08-05 15:27:25.139365,뷰티소품,에뛰드 마이 뷰티툴 속눈썹,1740
2021-08-05 15:27:25.139365,뷰티소품,에스쁘아 수퍼 소프트 페이스 브러쉬,9000
2021-08-05 15:27:25.139365,뷰티소품,미네스트 307 미니 팡팡 컨실러 브러쉬,13300
2021-08-05 15:27:25.139365,뷰티소품,리얼테크닉스 블러셔 브러쉬,7540
2021-08-05 15:27:25.139365,뷰티소품,화이트래빗 플레인 전용 화장솜 6개 세트,11710
2021-08-05 15:27:25.139365,뷰티소품,시드물 한지 기름종이 60매 2개 세트,4000
2021-08-05 15:27:25.139365,뷰티소품,MISSHA 텐션 팩트 퍼프 밀착 4개 세트,3020
2021-08-05 15:27:25.139365,뷰티소품,에뛰드 그림자 쉐딩 브러쉬 01 턱 브러쉬,8450
2021-08-05 15:27:25.139365,뷰티소품,에뛰드 다용도 순면 화장솜 1002P,3200
2021-08-05 15:27:25.139365,뷰티소품,에뛰드 마이뷰티툴 눈썹 수정칼,750
2021-08-05 15:27:25.139365,뷰티소품,슈에무라 아이래쉬컬러 N 전체뷰러,17890
2021-08-05 15:27:25.139365,뷰티소품,더마쿨러 쿨링 마사지기 페이스,8100
2021-08-05 15:27:25.139365,뷰티소품,투쿨포스쿨 아트클래스 디자이닝 브러쉬 키...,17850
2021-08-05 15:27:25.139365,뷰티소품,코스알엑스 실키 터치 스킨팩 화장솜,3443
2021-08-05 15:27:25.139365,뷰티소품,프랑스와즈 히알루론산 원액 앰플 고분자 1...,8900
2021-08-05 15:27:25.139365,뷰티소품,맥 217 블렌딩 브러시,23840
2021-08-05 15:27:25.139365,뷰티소품,MISSHA 에어 인 퍼프 4개,1360
2021-08-05 15:27:25.139365,뷰티소품,아리따움 눋눋 섀도우 브러시,3760
2021-08-05 15:27:25.139365,뷰티소품,피카소 5종 브러쉬 풀 세트 산수화 에디션,104610
2021-08-05 15:27:25.139365,뷰티소품,코링코 코튼캔디 메이크업 브러쉬 12종 세트,24900
2021-08-05 15:27:25.139365,뷰티소품,피카소꼴레지오니 221 아이섀도우 브러시,9600
2021-08-05 15:27:25.139365,뷰티소품,MISSHA 텐션 팩트 퍼프,1050
2021-08-05 15:27:25.139365,뷰티소품,인스턴트타투 가든 파티 타투 스티커,11920
2021-08-05 15:27:25.139365,뷰티소품,에뛰드 마이뷰티툴 코튼 면봉 800개입,3910
2021-08-05 15:27:25.139365,뷰티소품,맥스클리닉 듀얼 클라우드 엠보 브러쉬 화이...,12900
2021-08-05 15:27:25.139365,뷰티소품,코스알엑스 원스텝 스탠다드 패드 케이스,3100
2021-08-05 15:27:25.139365,뷰티소품,피카소꼴레지오니 103A 파우더 브러시,16070
2021-08-05 15:27:25.139365,뷰티소품,맥스클리닉 로즈 아트 클렌징 브러쉬,7510
2021-08-05 15:27:25.139365,뷰티소품,엔티엠티 문라이트 퍼프,5810
2021-08-05 15:27:25.139365,뷰티소품,피카소 207A 아이섀도우 브러쉬 산수화 에디...,21340
2021-08-05 15:27:25.139365,뷰티소품,홀리미코 쌍꺼풀 아이리드 레이스 6개 세트,64170
2021-08-05 15:27:25.139365,뷰티소품,인스턴트타투 유어 레터스 타투 스티커,10320
2021-08-05 15:27:25.139365,뷰티소품,메종드라엘 트윙클 펌 긴머리용,18660
2021-08-05 15:27:25.139365,뷰티소품,달리프 베러 모먼트 샴푸 브러쉬,9600
2021-08-05 15:27:25.139365,뷰티소품,플라리아 듀얼리스트 메이크업브러쉬 세트,19000
2021-08-05 15:27:25.139365,뷰티소품,그레이거 페이스필름 100매,6800
2021-08-05 15:27:25.139365,뷰티소품,코지트 해피 페이스 트레이너,2000
2021-08-05 15:27:25.139365,뷰티소품,엘프 브러쉬 앤 퍼프 클렌저,7420
2021-08-05 15:27:25.139365,뷰티소품,피카소 블랙 머쉬멜로우 메이크업 스펀지,9400
2021-08-05 15:27:25.139365,뷰티소품,블랑두 스킨 토너 팩 1/2 화장솜,1500
2021-08-05 15:27:25.139365,뷰티소품,필리밀리 빅 팬 브러시 851,11990
